nu_cm1,Cs_cm2_molec_cm1,Cf_cm2_molec_cm1,self_texp
0.0,2.877000e-21,8.562900e-23,6.413000
10.0,2.855000e-21,8.827840e-23,6.414000
20.0,2.731000e-21,9.182100e-23,6.275000
30.0,2.490000e-21,9.796020e-23,6.049000
40.0,2.178000e-21,1.139710e-22,5.789000
50.0,1.863000e-21,1.376484e-22,5.557000
60.0,1.595000e-21,1.544904e-22,5.330000
70.0,1.381000e-21,1.507922e-22,5.107000
80.0,1.221000e-21,1.386438e-22,4.893000
90.0,1.095000e-21,1.215105e-22,4.685000
100.0,9.882000e-22,1.062604e-22,4.481000
110.0,8.926000e-22,9.151380e-23,4.282000
120.0,8.041000e-22,8.008000e-23,4.090000
130.0,7.217000e-22,6.970302e-23,3.905000
140.0,6.450000e-22,6.054750e-23,3.720000
150.0,5.740000e-22,5.243129e-23,3.548000
160.0,5.088000e-22,4.559360e-23,3.379000
170.0,4.492000e-22,3.762800e-23,3.215000
180.0,3.952000e-22,3.054901e-23,3.056000
190.0,3.466000e-22,2.562640e-23,2.903000
200.0,3.031000e-22,2.197152e-23,2.756000
210.0,2.644000e-22,1.809267e-23,2.614000
220.0,2.302000e-22,1.483440e-23,2.475000
230.0,2.001000e-22,1.167269e-23,2.344000
240.0,1.738000e-22,8.809307e-24,2.219000
250.0,1.509000e-22,7.130614e-24,2.100000
260.0,1.311000e-22,5.932630e-24,1.983000
270.0,1.139000e-22,5.171887e-24,1.873000
280.0,9.913000e-23,4.220168e-24,1.768000
290.0,8.639000e-23,3.427428e-24,1.670000
300.0,7.544000e-23,2.685861e-24,1.575000
310.0,6.603000e-23,2.095871e-24,1.486000
320.0,5.794000e-23,1.858127e-24,1.450000
330.0,5.096000e-23,1.475934e-24,1.432000
340.0,4.495000e-23,1.100543e-24,1.429000
350.0,3.974000e-23,8.588344e-25,1.431000
360.0,3.523000e-23,6.498760e-25,1.428000
370.0,3.130000e-23,4.874671e-25,1.458000
380.0,2.786000e-23,3.860516e-25,1.517000
390.0,2.485000e-23,3.000811e-25,1.570000
400.0,2.221000e-23,2.343264e-25,1.628000
410.0,1.987000e-23,2.087365e-25,1.689000
420.0,1.780000e-23,1.771056e-25,1.753000
430.0,1.596000e-23,1.588460e-25,1.819000
440.0,1.433000e-23,1.408050e-25,1.886000
450.0,1.287000e-23,1.180898e-25,1.976000
460.0,1.156000e-23,1.024386e-25,2.032000
470.0,1.040000e-23,9.223488e-26,2.106000
480.0,9.349000e-24,7.915559e-26,2.190000
490.0,8.410000e-24,6.692405e-26,2.259000
500.0,7.568000e-24,5.720098e-26,2.330000
510.0,6.810000e-24,5.124893e-26,2.397000
520.0,6.130000e-24,4.477977e-26,2.466000
530.0,5.517000e-24,3.844422e-26,2.537000
540.0,4.967000e-24,3.266567e-26,2.613000
550.0,4.471000e-24,2.851453e-26,2.675000
560.0,4.025000e-24,2.472992e-26,2.746000
570.0,3.624000e-24,2.123504e-26,2.819000
580.0,3.262000e-24,1.768349e-26,2.893000
590.0,2.937000e-24,1.480505e-26,2.970000
600.0,2.644000e-24,1.267462e-26,3.058000
610.0,2.381000e-24,1.074284e-26,3.144240
620.0,2.143000e-24,9.204184e-27,3.260918
630.0,1.930000e-24,7.847692e-27,3.352320
640.0,1.737000e-24,6.641140e-27,3.438955
650.0,1.564000e-24,5.713990e-27,3.526880
660.0,1.413000e-24,4.957844e-27,3.597750
670.0,1.282973e-24,4.372499e-27,3.646100
680.0,1.171414e-24,3.933836e-27,3.681040
690.0,1.076239e-24,3.517561e-27,3.699585
700.0,9.939556e-25,3.207716e-27,3.721275
710.0,9.208126e-25,2.940415e-27,3.776401
720.0,8.495028e-25,2.725813e-27,3.873220
730.0,7.867881e-25,2.476669e-27,3.972446
740.0,7.283731e-25,2.262519e-27,4.060930
750.0,6.701860e-25,2.072027e-27,4.186842
760.0,6.141312e-25,1.922391e-27,4.259587
770.0,5.673360e-25,1.754089e-27,4.779698
780.0,5.292962e-25,1.607029e-27,5.148871
790.0,4.905719e-25,1.452305e-27,5.108738
800.0,4.617270e-25,1.327021e-27,5.058028
810.0,4.337695e-25,1.210930e-27,4.985538
820.0,4.079362e-25,1.113985e-27,4.874765
830.0,3.833394e-25,1.007257e-27,4.875968
840.0,3.620279e-25,9.215936e-28,4.917740
850.0,3.434272e-25,8.353596e-28,4.953372
860.0,3.250291e-25,7.720039e-28,4.997347
870.0,3.080385e-25,7.032775e-28,5.069682
880.0,2.914341e-25,6.499167e-28,5.146541
890.0,2.751983e-25,5.917750e-28,5.228554
900.0,2.597490e-25,5.480877e-28,5.276027
910.0,2.440116e-25,4.993534e-28,5.267814
920.0,2.266812e-25,4.631076e-28,5.246640
930.0,2.114798e-25,4.238409e-28,5.248822
940.0,1.972381e-25,3.935024e-28,5.292275
950.0,1.847457e-25,3.598539e-28,5.360370
960.0,1.728386e-25,3.346992e-28,5.414892
970.0,1.612832e-25,3.091996e-28,5.458181
980.0,1.520838e-25,2.859031e-28,5.521067
990.0,1.419593e-25,2.647980e-28,5.599417
1000.0,1.331195e-25,2.450968e-28,5.635823
1010.0,1.251939e-25,2.269036e-28,5.645290
1020.0,1.184578e-25,2.108010e-28,5.654880
1030.0,1.123883e-25,1.960034e-28,5.665102
1040.0,1.064605e-25,1.835007e-28,5.685597
1050.0,1.013316e-25,1.712995e-28,5.687873
1060.0,9.646919e-26,1.600002e-28,5.708539
1070.0,9.211552e-26,1.512973e-28,5.711120
1080.0,8.809425e-26,1.450009e-28,5.717204
1090.0,8.454138e-26,1.388969e-28,5.723851
1100.0,8.149404e-26,1.331984e-28,5.726899
1110.0,7.820406e-26,1.327988e-28,5.747996
1120.0,7.576056e-26,1.325032e-28,5.803925
1130.0,7.297216e-26,1.363008e-28,5.856851
1140.0,7.100520e-26,1.432028e-28,5.954868
1150.0,6.973029e-26,1.597989e-28,5.979127
1160.0,6.871200e-26,1.833959e-28,6.037800
1170.0,6.838857e-26,2.061028e-28,6.072280
1180.0,6.855966e-26,2.461991e-28,6.090000
1190.0,6.882096e-26,3.087898e-28,6.096340
1200.0,7.009200e-26,4.199951e-28,6.111705
1210.0,7.269328e-26,5.499807e-28,6.118860
1220.0,7.647580e-26,6.900173e-28,6.121700
1230.0,7.953910e-26,8.439884e-28,6.107625
1240.0,8.430060e-26,9.999155e-28,5.998960
1250.0,9.220267e-26,1.169996e-27,5.900550
1260.0,1.040028e-25,1.354981e-27,4.890000
1270.0,1.200009e-25,1.639943e-27,4.472350
1280.0,1.388468e-25,1.970032e-27,4.039200
1290.0,1.593215e-25,2.400032e-27,3.387000
1300.0,1.813042e-25,2.910056e-27,3.173000
1310.0,2.081606e-25,3.549977e-27,2.907000
1320.0,2.426505e-25,4.510010e-27,2.708000
1330.0,2.760646e-25,5.599662e-27,2.536000
1340.0,3.158989e-25,7.160105e-27,2.350000
1350.0,3.670849e-25,9.987457e-27,2.273000
1360.0,4.117123e-25,1.381582e-26,2.196000
1370.0,4.803855e-25,1.929766e-26,2.178000
1380.0,5.477000e-25,2.591972e-26,2.201000
1390.0,6.203000e-25,3.457677e-26,2.238000
1400.0,7.331000e-25,4.571528e-26,2.309000
1410.0,8.056000e-25,5.931874e-26,2.382000
1420.0,9.882000e-25,7.554256e-26,2.462000
1430.0,1.050000e-24,9.558700e-26,2.579000
1440.0,1.210000e-24,1.183316e-25,2.679000
1450.0,1.341000e-24,1.425360e-25,2.737000
1460.0,1.572000e-24,1.681402e-25,2.810000
1470.0,1.698000e-24,1.978449e-25,2.887000
1480.0,1.968000e-24,2.335502e-25,2.964000
1490.0,2.175000e-24,2.668543e-25,2.980000
1500.0,2.431000e-24,3.022583e-25,3.011000
1510.0,2.735000e-24,3.371617e-25,3.098000
1520.0,2.867000e-24,3.715645e-25,3.157000
1530.0,3.190000e-24,3.967654e-25,3.211000
1540.0,3.371000e-24,4.060635e-25,3.274000
1550.0,3.554000e-24,4.010596e-25,3.388000
1560.0,3.726000e-24,3.809538e-25,3.475000
1570.0,3.837000e-24,3.491468e-25,3.527000
1580.0,3.878000e-24,3.155402e-25,3.618000
1590.0,3.864000e-24,2.848345e-25,3.772000
1600.0,3.858000e-24,2.678309e-25,3.864000
1610.0,3.841000e-24,2.660292e-25,3.884000
1620.0,3.852000e-24,2.811294e-25,3.889000
1630.0,3.815000e-24,3.071305e-25,3.894000
1640.0,3.762000e-24,3.294312e-25,3.884000
1650.0,3.618000e-24,3.459312e-25,3.821000
1660.0,3.579000e-24,3.569307e-25,3.758000
1670.0,3.450000e-24,3.560292e-25,3.703000
1680.0,3.202000e-24,3.434268e-25,3.657000
1690.0,3.018000e-24,3.186237e-25,3.567000
1700.0,2.785000e-24,2.916207e-25,3.490000
1710.0,2.602000e-24,2.622178e-25,3.435000
1720.0,2.416000e-24,2.275147e-25,3.377000
1730.0,2.097000e-24,1.918119e-25,3.290000
1740.0,1.939000e-24,1.620096e-25,3.204000
1750.0,1.689000e-24,1.373077e-25,3.178000
1760.0,1.498000e-24,1.182064e-25,3.146000
1770.0,1.308000e-24,1.006052e-25,3.103000
1780.0,1.170000e-24,8.556421e-26,3.088000
1790.0,1.011000e-24,7.260342e-26,3.108000
1800.0,9.237000e-25,6.110275e-26,3.116000
1810.0,7.909000e-25,5.040217e-26,3.070000
1820.0,7.006000e-25,4.230174e-26,3.046000
1830.0,6.112000e-25,3.456136e-26,3.029000
1840.0,5.401000e-25,2.903110e-26,3.017000
1850.0,4.914000e-25,2.486090e-26,3.001000
1860.0,4.266000e-25,2.039071e-26,3.007000
1870.0,3.963000e-25,1.672055e-26,2.984000
1880.0,3.316000e-25,1.285041e-26,2.980000
1890.0,3.037000e-25,1.054032e-26,2.936000
1900.0,2.598000e-25,8.302242e-27,2.908000
1910.0,2.294000e-25,6.667187e-27,2.896000
1920.0,2.066000e-25,5.503148e-27,2.875000
1930.0,1.813000e-25,4.562118e-27,2.893000
1940.0,1.583000e-25,3.948098e-27,2.888000
1950.0,1.423000e-25,3.198076e-27,2.948000
1960.0,1.247000e-25,2.586059e-27,3.028000
1970.0,1.116000e-25,2.225049e-27,3.064000
1980.0,9.760000e-26,1.807038e-27,3.182000
1990.0,8.596000e-26,1.530031e-27,3.228000
2000.0,7.720000e-26,1.294025e-27,3.260000
2010.0,7.091000e-26,1.126021e-27,3.335000
2020.0,6.499000e-26,9.604172e-28,3.412000
2030.0,5.801000e-26,7.850135e-28,3.468000
2040.0,5.150000e-26,6.813113e-28,3.523000
2050.0,4.500000e-26,5.583089e-28,3.616000
2060.0,4.000000e-26,4.690072e-28,3.659000
2070.0,3.509000e-26,3.996059e-28,3.704000
2080.0,3.100000e-26,3.373048e-28,3.810000
2090.0,2.714000e-26,2.930040e-28,3.833000
2100.0,2.406000e-26,2.417032e-28,3.966000
2110.0,2.108000e-26,2.061026e-28,4.026000
2120.0,1.875000e-26,1.743021e-28,4.088000
2130.0,1.669000e-26,1.475017e-28,4.141000
2140.0,1.555000e-26,1.273014e-28,4.200000
2150.0,1.444000e-26,1.084012e-28,4.269000
2160.0,1.345000e-26,9.368098e-29,4.377000
2170.0,1.257000e-26,7.985081e-29,4.459000
2180.0,1.175000e-26,6.785066e-29,4.566000
2190.0,1.102000e-26,5.804054e-29,4.638000
2200.0,1.035000e-26,4.975045e-29,4.709000
2210.0,9.745000e-27,4.311038e-29,4.802000
2220.0,9.194000e-27,3.738031e-29,4.878000
2230.0,8.685000e-27,3.275027e-29,4.974000
2240.0,8.222000e-27,2.847022e-29,5.047000
2250.0,7.798000e-27,2.469019e-29,5.147000
2260.0,7.412000e-27,2.149016e-29,5.211000
2270.0,7.052000e-27,1.884013e-29,5.315000
2280.0,6.724000e-27,1.631011e-29,5.391000
2290.0,6.420000e-27,1.393009e-29,5.483000
2300.0,6.143000e-27,1.201008e-29,5.566000
2310.0,5.886000e-27,1.027006e-29,5.603000
2320.0,5.649000e-27,8.807052e-30,5.643000
2330.0,5.430000e-27,7.521043e-30,5.767000
2340.0,5.228000e-27,6.436036e-30,5.807000
2350.0,5.041000e-27,5.509029e-30,5.843000
2360.0,4.868000e-27,4.729024e-30,5.904000
2370.0,4.708000e-27,4.055020e-30,5.924000
2380.0,4.559000e-27,3.490017e-30,5.983000
2390.0,4.421000e-27,3.006014e-30,5.993000
2400.0,4.293000e-27,2.599012e-30,6.059000
2410.0,4.174000e-27,2.246010e-30,6.095000
2420.0,4.064000e-27,1.942008e-30,6.130000
2430.0,3.961000e-27,1.685007e-30,6.153000
2440.0,3.865000e-27,1.464006e-30,6.174000
2450.0,3.775000e-27,1.273005e-30,6.180000
2460.0,3.692000e-27,1.115004e-30,6.201000
2470.0,3.614000e-27,9.794035e-31,6.202000
2480.0,3.542000e-27,8.729030e-31,6.210000
2490.0,3.474000e-27,7.893027e-31,6.206000
2500.0,3.411000e-27,7.313024e-31,6.209000
2510.0,3.353000e-27,7.069022e-31,6.187000
2520.0,3.298000e-27,7.190022e-31,6.172000
2530.0,3.248000e-27,7.828023e-31,6.138000
2540.0,3.201000e-27,9.295027e-31,6.129000
2550.0,3.158000e-27,1.174003e-30,6.085000
2560.0,3.119000e-27,1.578004e-30,6.066000
2570.0,3.084000e-27,2.184006e-30,6.043000
2580.0,3.053000e-27,3.053008e-30,6.001000
2590.0,3.025000e-27,4.212010e-30,5.951000
2600.0,3.003000e-27,5.733014e-30,5.930000
2610.0,2.988000e-27,7.497017e-30,5.869000
2620.0,2.976000e-27,9.487021e-30,5.822000
2630.0,2.977000e-27,1.153002e-29,5.809000
2640.0,2.989000e-27,1.343003e-29,5.777000
2650.0,3.015000e-27,1.503003e-29,5.739000
2660.0,3.057000e-27,1.623003e-29,5.700000
2670.0,3.112000e-27,1.696003e-29,5.680000
2680.0,3.161000e-27,1.746003e-29,5.659000
2690.0,3.186000e-27,1.789003e-29,5.598000
2700.0,3.176000e-27,1.852003e-29,5.558000
2710.0,3.142000e-27,1.862003e-29,5.519000
2720.0,3.099000e-27,1.886003e-29,5.465000
2730.0,3.065000e-27,1.912003e-29,5.399000
2740.0,3.011000e-27,1.942003e-29,5.358000
2750.0,2.955000e-27,1.938003e-29,5.294000
2760.0,2.914000e-27,1.914003e-29,5.225000
2770.0,2.884000e-27,1.898003e-29,5.158000
2780.0,2.864000e-27,1.864003e-29,5.094000
2790.0,2.858000e-27,1.770002e-29,5.023000
2800.0,2.851000e-27,1.635002e-29,4.940000
2810.0,2.857000e-27,1.464002e-29,4.846000
2820.0,2.870000e-27,1.279002e-29,4.759000
2830.0,2.888000e-27,1.099001e-29,4.662000
2840.0,2.914000e-27,9.528011e-30,4.557000
2850.0,2.948000e-27,8.433010e-30,4.435000
2860.0,2.990000e-27,7.794009e-30,4.304000
2870.0,3.042000e-27,7.793008e-30,4.188000
2880.0,3.105000e-27,8.241009e-30,4.042000
2890.0,3.185000e-27,9.417010e-30,3.954000
2900.0,3.276000e-27,1.179001e-29,3.803000
2910.0,3.385000e-27,1.616002e-29,3.695000
2920.0,3.511000e-27,2.144002e-29,3.619000
2930.0,3.646000e-27,2.992003e-29,3.510000
2940.0,3.858000e-27,4.344004e-29,3.414000
2950.0,4.081000e-27,6.415006e-29,3.366000
2960.0,4.335000e-27,9.242008e-29,3.284000
2970.0,4.643000e-27,1.310001e-28,3.217000
2980.0,5.011000e-27,1.847001e-28,3.152000
2990.0,5.494000e-27,2.567002e-28,3.044000
3000.0,5.953000e-27,3.390003e-28,2.983000
3010.0,6.354000e-27,4.357003e-28,2.898000
3020.0,7.116000e-27,5.301004e-28,2.784000
3030.0,7.498000e-27,6.364004e-28,2.680000
3040.0,8.613000e-27,7.438005e-28,2.627000
3050.0,9.350000e-27,8.381006e-28,2.634000
3060.0,1.002000e-26,9.294006e-28,2.704000
3070.0,1.090000e-26,1.013001e-27,2.637000
3080.0,1.174000e-26,1.103001e-27,2.756000
3090.0,1.230000e-26,1.170001e-27,2.790000
3100.0,1.288000e-26,1.200001e-27,2.941000
3110.0,1.334000e-26,1.190001e-27,3.091000
3120.0,1.383000e-26,1.133001e-27,3.203000
3130.0,1.380000e-26,1.040001e-27,3.308000
3140.0,1.390000e-26,9.475005e-28,3.431000
3150.0,1.373000e-26,8.601004e-28,3.490000
3160.0,1.354000e-26,8.074004e-28,3.570000
3170.0,1.335000e-26,8.023004e-28,3.652000
3180.0,1.343000e-26,8.473004e-28,3.683000
3190.0,1.323000e-26,9.256004e-28,3.708000
3200.0,1.349000e-26,9.989005e-28,3.722000
3210.0,1.353000e-26,1.056000e-27,3.687000
3220.0,1.362000e-26,1.079000e-27,3.631000
3230.0,1.344000e-26,1.079000e-27,3.584000
3240.0,1.329000e-26,1.049000e-27,3.566000
3250.0,1.336000e-26,1.000000e-27,3.536000
3260.0,1.327000e-26,9.350004e-28,3.459000
3270.0,1.325000e-26,8.662003e-28,3.401000
3280.0,1.359000e-26,7.880003e-28,3.326000
3290.0,1.374000e-26,7.137003e-28,3.216000
3300.0,1.415000e-26,6.438002e-28,3.103000
3310.0,1.462000e-26,5.706002e-28,2.944000
3320.0,1.526000e-26,5.132002e-28,2.828000
3330.0,1.619000e-26,4.815002e-28,2.652000
3340.0,1.735000e-26,4.736002e-28,2.597000
3350.0,1.863000e-26,4.709001e-28,2.559000
3360.0,2.034000e-26,4.918002e-28,2.522000
3370.0,2.265000e-26,5.227002e-28,2.468000
3380.0,2.482000e-26,5.603002e-28,2.466000
3390.0,2.756000e-26,6.023002e-28,2.430000
3400.0,3.103000e-26,6.567002e-28,2.412000
3410.0,3.466000e-26,7.403002e-28,2.383000
3420.0,3.832000e-26,8.695002e-28,2.357000
3430.0,4.378000e-26,9.929003e-28,2.338000
3440.0,4.913000e-26,1.163000e-27,2.312000
3450.0,5.651000e-26,1.379000e-27,2.287000
3460.0,6.311000e-26,1.658000e-27,2.250000
3470.0,7.169000e-26,2.010000e-27,2.221000
3480.0,8.057000e-26,2.425001e-27,2.174000
3490.0,9.253000e-26,2.920001e-27,2.174000
3500.0,1.047000e-25,3.562001e-27,2.135000
3510.0,1.212000e-25,4.274001e-27,2.109000
3520.0,1.360000e-25,5.173001e-27,2.107000
3530.0,1.569000e-25,6.285001e-27,2.106000
3540.0,1.776000e-25,7.787002e-27,2.062000
3550.0,2.020000e-25,9.563002e-27,2.075000
3560.0,2.281000e-25,1.194000e-26,2.080000
3570.0,2.683000e-25,1.517000e-26,2.136000
3580.0,2.994000e-25,1.934000e-26,2.219000
3590.0,3.488000e-25,2.511000e-26,2.291000
3600.0,3.896000e-25,3.197001e-26,2.415000
3610.0,4.499000e-25,4.024001e-26,2.520000
3620.0,5.175000e-25,4.981001e-26,2.663000
3630.0,6.035000e-25,6.090001e-26,2.797000
3640.0,6.340000e-25,7.229001e-26,2.936000
3650.0,7.281000e-25,8.439001e-26,3.112000
3660.0,7.923000e-25,9.367001e-26,3.244000
3670.0,8.348000e-25,1.016000e-25,3.347000
3680.0,9.631000e-25,1.057000e-25,3.437000
3690.0,1.044000e-24,1.088000e-25,3.501000
3700.0,1.102000e-24,1.108000e-25,3.513000
3710.0,1.176000e-24,1.129000e-25,3.511000
3720.0,1.244000e-24,1.159000e-25,3.515000
3730.0,1.283000e-24,1.190000e-25,3.553000
3740.0,1.326000e-24,1.210000e-25,3.553000
3750.0,1.400000e-24,1.210000e-25,3.568000
3760.0,1.395000e-24,1.200000e-25,3.621000
3770.0,1.387000e-24,1.190000e-25,3.713000
3780.0,1.363000e-24,1.180000e-25,3.836000
3790.0,1.314000e-24,1.190000e-25,3.888000
3800.0,1.241000e-24,1.230000e-25,3.897000
3810.0,1.228000e-24,1.280000e-25,3.874000
3820.0,1.148000e-24,1.300000e-25,3.825000
3830.0,1.086000e-24,1.290000e-25,3.743000
3840.0,1.018000e-24,1.210000e-25,3.626000
3850.0,8.890000e-25,1.090000e-25,3.503000
3860.0,8.316000e-25,9.440001e-26,3.365000
3870.0,7.292000e-25,7.790001e-26,3.225000
3880.0,6.452000e-25,6.220001e-26,3.077000
3890.0,5.625000e-25,4.640000e-26,2.914000
3900.0,5.045000e-25,3.400000e-26,2.764000
3910.0,4.380000e-25,2.470000e-26,2.623000
3920.0,3.762000e-25,1.780000e-26,2.508000
3930.0,3.290000e-25,1.290000e-26,2.433000
3940.0,2.836000e-25,9.260001e-27,2.420000
3950.0,2.485000e-25,7.000001e-27,2.410000
3960.0,2.168000e-25,5.360000e-27,2.445000
3970.0,1.895000e-25,4.260000e-27,2.490000
3980.0,1.659000e-25,3.410000e-27,2.623000
3990.0,1.453000e-25,2.790000e-27,2.753000
4000.0,1.282000e-25,2.372000e-27,2.871000
4010.0,1.132000e-25,2.039000e-27,2.981000
4020.0,1.001000e-25,1.782000e-27,3.069000
4030.0,8.836000e-26,1.531000e-27,3.176000
4040.0,7.804000e-26,1.298000e-27,3.270000
4050.0,6.922000e-26,1.084000e-27,3.339000
4060.0,6.116000e-26,9.001001e-28,3.394000
4070.0,5.429000e-26,7.665001e-28,3.450000
4080.0,4.824000e-26,6.475000e-28,3.511000
4090.0,4.278000e-26,5.610000e-28,3.572000
4100.0,3.788000e-26,4.920000e-28,3.623000
4110.0,3.371000e-26,4.325000e-28,3.668000
4120.0,2.985000e-26,3.805000e-28,3.742000
4130.0,2.649000e-26,3.374000e-28,3.807000
4140.0,2.357000e-26,2.945000e-28,3.893000
4150.0,2.090000e-26,2.641000e-28,3.961000
4160.0,1.858000e-26,2.385000e-28,4.019000
4170.0,1.647000e-26,2.137000e-28,4.106000
4180.0,1.462000e-26,1.921000e-28,4.194000
4190.0,1.299000e-26,1.734000e-28,4.286000
4200.0,1.155000e-26,1.578000e-28,4.364000
4210.0,1.028000e-26,1.442000e-28,4.447000
4220.0,9.142000e-27,1.317000e-28,4.532000
4230.0,8.132000e-27,1.203000e-28,4.629000
4240.0,7.246000e-27,1.101000e-28,4.719000
4250.0,6.418000e-27,1.010000e-28,4.815000
4260.0,5.726000e-27,9.319000e-29,4.900000
4270.0,5.221000e-27,8.611000e-29,4.989000
4280.0,4.890000e-27,7.991000e-29,5.067000
4290.0,4.666000e-27,7.400000e-29,5.160000
4300.0,4.443000e-27,6.868000e-29,5.245000
4310.0,4.203000e-27,6.384000e-29,5.326000
4320.0,3.978000e-27,5.953000e-29,5.406000
4330.0,3.770000e-27,5.561000e-29,5.479000
4340.0,3.575000e-27,5.192000e-29,5.558000
4350.0,3.395000e-27,4.855000e-29,5.632000
4360.0,3.227000e-27,4.546000e-29,5.702000
4370.0,3.070000e-27,4.264000e-29,5.772000
4380.0,2.924000e-27,4.004000e-29,5.831000
4390.0,2.788000e-27,3.761000e-29,5.893000
4400.0,2.661000e-27,3.536000e-29,5.953000
4410.0,2.543000e-27,3.328000e-29,6.009000
4420.0,2.433000e-27,3.136000e-29,6.056000
4430.0,2.329000e-27,2.957000e-29,6.103000
4440.0,2.233000e-27,2.791000e-29,6.143000
4450.0,2.143000e-27,2.636000e-29,6.183000
4460.0,2.058000e-27,2.493000e-29,6.210000
4470.0,1.980000e-27,2.360000e-29,6.239000
4480.0,1.906000e-27,2.238000e-29,6.258000
4490.0,1.837000e-27,2.126000e-29,6.264000
4500.0,1.773000e-27,2.022000e-29,6.263000
4510.0,1.713000e-27,1.930000e-29,6.247000
4520.0,1.657000e-27,1.849000e-29,6.229000
4530.0,1.605000e-27,1.777000e-29,6.201000
4540.0,1.557000e-27,1.722000e-29,6.176000
4550.0,1.514000e-27,1.677000e-29,6.141000
4560.0,1.472000e-27,1.655000e-29,6.110000
4570.0,1.435000e-27,1.640000e-29,6.096000
4580.0,1.404000e-27,1.624000e-29,6.085000
4590.0,1.377000e-27,1.605000e-29,6.071000
4600.0,1.354000e-27,1.569000e-29,6.050000
4610.0,1.332000e-27,1.537000e-29,6.053000
4620.0,1.308000e-27,1.496000e-29,6.042000
4630.0,1.282000e-27,1.417000e-29,6.035000
4640.0,1.256000e-27,1.331000e-29,6.018000
4650.0,1.227000e-27,1.233000e-29,6.005000
4660.0,1.192000e-27,1.121000e-29,5.990000
4670.0,1.159000e-27,1.039000e-29,5.955000
4680.0,1.134000e-27,9.929000e-30,5.931000
4690.0,1.114000e-27,9.782000e-30,5.884000
4700.0,1.098000e-27,9.672000e-30,5.833000
4710.0,1.081000e-27,9.529000e-30,5.782000
4720.0,1.066000e-27,9.048000e-30,5.724000
4730.0,1.055000e-27,8.685000e-30,5.664000
4740.0,1.045000e-27,8.259000e-30,5.594000
4750.0,1.036000e-27,7.944000e-30,5.542000
4760.0,1.030000e-27,7.682000e-30,5.484000
4770.0,1.026000e-27,7.420000e-30,5.422000
4780.0,1.025000e-27,7.095000e-30,5.351000
4790.0,1.025000e-27,6.759000e-30,5.284000
4800.0,1.028000e-27,6.499000e-30,5.222000
4810.0,1.033000e-27,6.385000e-30,5.143000
4820.0,1.041000e-27,6.165000e-30,5.063000
4830.0,1.049000e-27,5.837000e-30,4.978000
4840.0,1.060000e-27,5.650000e-30,4.896000
4850.0,1.075000e-27,5.537000e-30,4.810000
4860.0,1.093000e-27,5.320000e-30,4.723000
4870.0,1.114000e-27,5.053000e-30,4.625000
4880.0,1.139000e-27,4.924000e-30,4.525000
4890.0,1.166000e-27,4.842000e-30,4.431000
4900.0,1.199000e-27,4.956000e-30,4.334000
4910.0,1.239000e-27,5.324000e-30,4.231000
4920.0,1.282000e-27,5.846000e-30,4.123000
4930.0,1.316000e-27,6.403000e-30,4.022000
4940.0,1.355000e-27,6.983000e-30,3.918000
4950.0,1.436000e-27,7.451000e-30,3.831000
4960.0,1.588000e-27,8.378000e-30,3.726000
4970.0,1.807000e-27,9.869000e-30,3.624000
4980.0,2.060000e-27,1.156000e-29,3.537000
4990.0,2.337000e-27,1.347000e-29,3.454000
5000.0,2.645000e-27,1.670000e-29,3.367000
5010.0,2.996000e-27,2.047000e-29,3.279000
5020.0,3.393000e-27,2.515000e-29,3.211000
5030.0,3.843000e-27,3.092000e-29,3.137000
5040.0,4.363000e-27,3.877000e-29,3.056000
5050.0,4.935000e-27,4.756000e-29,2.968000
5060.0,5.607000e-27,6.174000e-29,2.876000
5070.0,6.363000e-27,8.049000e-29,2.764000
5080.0,7.242000e-27,1.077000e-28,2.638000
5090.0,8.230000e-27,1.410000e-28,2.486000
5100.0,9.411000e-27,1.793000e-28,2.392000
5110.0,1.071000e-26,2.285000e-28,2.280000
5120.0,1.232000e-26,2.970000e-28,2.193000
5130.0,1.402000e-26,3.983000e-28,2.080000
5140.0,1.600000e-26,5.351000e-28,2.056000
5150.0,1.820000e-26,7.256000e-28,2.097000
5160.0,2.128000e-26,1.011000e-27,2.155000
5170.0,2.386000e-26,1.388000e-27,2.239000
5180.0,2.781000e-26,1.914000e-27,2.327000
5190.0,3.242000e-26,2.512000e-27,2.461000
5200.0,3.653000e-26,3.257000e-27,2.617000
5210.0,4.323000e-26,4.075000e-27,2.759000
5220.0,4.747000e-26,4.991000e-27,2.925000
5230.0,5.321000e-26,5.914000e-27,3.082000
5240.0,5.919000e-26,6.638000e-27,3.253000
5250.0,6.681000e-26,7.160000e-27,3.366000
5260.0,7.101000e-26,7.450000e-27,3.491000
5270.0,7.983000e-26,7.590000e-27,3.580000
5280.0,8.342000e-26,7.540000e-27,3.670000
5290.0,8.741000e-26,7.470000e-27,3.733000
5300.0,9.431000e-26,7.530000e-27,3.756000
5310.0,9.952000e-26,7.940000e-27,3.735000
5320.0,1.026000e-25,8.460000e-27,3.663000
5330.0,1.055000e-25,8.950000e-27,3.612000
5340.0,1.095000e-25,9.360000e-27,3.604000
5350.0,1.095000e-25,9.840000e-27,3.655000
5360.0,1.087000e-25,1.020000e-26,3.671000
5370.0,1.056000e-25,1.050000e-26,3.680000
5380.0,1.026000e-25,1.060000e-26,3.721000
5390.0,9.715000e-26,1.070000e-26,3.769000
5400.0,9.252000e-26,1.070000e-26,3.769000
5410.0,8.452000e-26,1.040000e-26,3.710000
5420.0,7.958000e-26,9.790000e-27,3.605000
5430.0,7.268000e-26,8.800000e-27,3.493000
5440.0,6.295000e-26,7.660000e-27,3.383000
5450.0,6.003000e-26,6.380000e-27,3.231000
5460.0,5.000000e-26,5.142000e-27,3.109000
5470.0,4.591000e-26,3.982000e-27,2.936000
5480.0,3.983000e-26,2.940000e-27,2.781000
5490.0,3.479000e-26,2.177000e-27,2.645000
5500.0,3.058000e-26,1.612000e-27,2.514000
5510.0,2.667000e-26,1.185000e-27,2.397000
5520.0,2.293000e-26,8.966000e-28,2.304000
5530.0,1.995000e-26,6.735000e-28,2.236000
5540.0,1.747000e-26,5.219000e-28,2.212000
5550.0,1.517000e-26,4.157000e-28,2.195000
5560.0,1.335000e-26,3.453000e-28,2.204000
5570.0,1.165000e-26,2.852000e-28,2.248000
5580.0,1.028000e-26,2.357000e-28,2.337000
5590.0,9.007000e-27,1.891000e-28,2.464000
5600.0,7.956000e-27,1.513000e-28,2.575000
5610.0,7.015000e-27,1.239000e-28,2.714000
5620.0,6.192000e-27,1.041000e-28,2.815000
5630.0,5.491000e-27,8.680000e-29,2.941000
5640.0,4.859000e-27,7.192000e-29,3.072000
5650.0,4.297000e-27,5.869000e-29,3.173000
5660.0,3.799000e-27,4.862000e-29,3.263000
5670.0,3.380000e-27,4.101000e-29,3.331000
5680.0,3.002000e-27,3.475000e-29,3.398000
5690.0,2.659000e-27,2.964000e-29,3.471000
5700.0,2.366000e-27,2.536000e-29,3.531000
5710.0,2.103000e-27,2.184000e-29,3.597000
5720.0,1.861000e-27,1.927000e-29,3.657000
5730.0,1.655000e-27,1.676000e-29,3.737000
5740.0,1.469000e-27,1.479000e-29,3.800000
5750.0,1.309000e-27,1.328000e-29,3.844000
5760.0,1.162000e-27,1.154000e-29,3.932000
5770.0,1.032000e-27,1.021000e-29,3.997000
5780.0,9.198000e-28,9.167000e-30,4.062000
5790.0,8.181000e-28,8.199000e-30,4.135000
5800.0,7.294000e-28,7.250000e-30,4.214000
5810.0,6.516000e-28,6.421000e-30,4.303000
5820.0,5.787000e-28,5.915000e-30,4.378000
5830.0,5.163000e-28,5.331000e-30,4.460000
5840.0,4.612000e-28,4.784000e-30,4.563000
5850.0,4.096000e-28,4.322000e-30,4.642000
5860.0,3.654000e-28,3.941000e-30,4.720000
5870.0,3.299000e-28,3.587000e-30,4.808000
5880.0,3.052000e-28,3.266000e-30,4.885000
5890.0,2.856000e-28,2.972000e-30,4.978000
5900.0,2.683000e-28,2.727000e-30,5.063000
5910.0,2.507000e-28,2.496000e-30,5.142000
5920.0,2.346000e-28,2.290000e-30,5.234000
5930.0,2.194000e-28,2.100000e-30,5.318000
5940.0,2.053000e-28,1.934000e-30,5.395000
5950.0,1.921000e-28,1.775000e-30,5.482000
5960.0,1.799000e-28,1.637000e-30,5.553000
5970.0,1.686000e-28,1.518000e-30,5.624000
5980.0,1.580000e-28,1.418000e-30,5.684000
5990.0,1.481000e-28,1.324000e-30,5.737000
6000.0,1.389000e-28,1.241000e-30,5.792000
6010.0,1.304000e-28,1.170000e-30,5.840000
6020.0,1.226000e-28,1.111000e-30,5.886000
6030.0,1.151000e-28,1.072000e-30,5.925000
6040.0,1.083000e-28,1.037000e-30,5.969000
6050.0,1.020000e-28,1.002000e-30,6.010000
6060.0,9.618000e-29,9.632000e-31,6.043000
6070.0,9.080000e-29,9.204000e-31,6.078000
6080.0,8.575000e-29,8.707000e-31,6.109000
6090.0,8.080000e-29,8.186000e-31,6.142000
6100.0,7.624000e-29,7.665000e-31,6.159000
6110.0,7.176000e-29,7.045000e-31,6.184000
6120.0,6.761000e-29,6.423000e-31,6.201000
6130.0,6.370000e-29,5.878000e-31,6.207000
6140.0,6.004000e-29,5.433000e-31,6.211000
6150.0,5.672000e-29,5.105000e-31,6.207000
6160.0,5.371000e-29,4.876000e-31,6.204000
6170.0,5.097000e-29,4.754000e-31,6.187000
6180.0,4.845000e-29,4.661000e-31,6.170000
6190.0,4.608000e-29,4.500000e-31,6.151000
6200.0,4.390000e-29,4.274000e-31,6.126000
6210.0,4.192000e-29,4.019000e-31,6.099000
6220.0,4.011000e-29,3.784000e-31,6.067000
6230.0,3.846000e-29,3.611000e-31,6.033000
6240.0,3.698000e-29,3.512000e-31,5.992000
6250.0,3.568000e-29,3.457000e-31,5.956000
6260.0,3.450000e-29,3.404000e-31,5.919000
6270.0,3.351000e-29,3.368000e-31,5.885000
6280.0,3.268000e-29,3.292000e-31,5.847000
6290.0,3.195000e-29,3.206000e-31,5.813000
6300.0,3.131000e-29,3.068000e-31,5.787000
6310.0,3.091000e-29,3.044000e-31,5.755000
6320.0,3.060000e-29,3.028000e-31,5.725000
6330.0,3.039000e-29,3.007000e-31,5.687000
6340.0,3.034000e-29,3.023000e-31,5.651000
6350.0,3.045000e-29,3.071000e-31,5.607000
6360.0,3.072000e-29,3.152000e-31,5.557000
6370.0,3.116000e-29,3.226000e-31,5.510000
6380.0,3.176000e-29,3.274000e-31,5.458000
6390.0,3.253000e-29,3.294000e-31,5.406000
6400.0,3.347000e-29,3.171000e-31,5.350000
6410.0,3.467000e-29,3.069000e-31,5.290000
6420.0,3.605000e-29,3.029000e-31,5.225000
6430.0,3.763000e-29,3.051000e-31,5.163000
6440.0,3.946000e-29,3.183000e-31,5.094000
6450.0,4.162000e-29,3.442000e-31,5.013000
6460.0,4.399000e-29,3.732000e-31,4.933000
6470.0,4.677000e-29,3.949000e-31,4.852000
6480.0,4.983000e-29,4.112000e-31,4.756000
6490.0,5.336000e-29,4.403000e-31,4.661000
6500.0,5.728000e-29,4.776000e-31,4.554000
6510.0,6.168000e-29,5.353000e-31,4.440000
6520.0,6.684000e-29,6.204000e-31,4.326000
6530.0,7.214000e-29,7.047000e-31,4.198000
6540.0,7.861000e-29,8.442000e-31,4.078000
6550.0,8.620000e-29,9.957000e-31,3.961000
6560.0,9.481000e-29,1.299000e-30,3.823000
6570.0,1.032000e-28,1.631000e-30,3.714000
6580.0,1.135000e-28,1.979000e-30,3.606000
6590.0,1.264000e-28,2.414000e-30,3.527000
6600.0,1.396000e-28,3.217000e-30,3.430000
6610.0,1.567000e-28,4.121000e-30,3.345000
6620.0,1.740000e-28,5.409000e-30,3.280000
6630.0,1.977000e-28,6.891000e-30,3.216000
6640.0,2.200000e-28,9.132000e-30,3.151000
6650.0,2.563000e-28,1.160000e-29,3.057000
6660.0,2.935000e-28,1.505000e-29,2.985000
6670.0,3.386000e-28,1.927000e-29,2.902000
6680.0,3.993000e-28,2.479000e-29,2.786000
6690.0,4.828000e-28,3.121000e-29,2.694000
6700.0,5.714000e-28,4.020000e-29,2.640000
6710.0,6.877000e-28,5.213000e-29,2.634000
6720.0,8.135000e-28,6.800000e-29,2.655000
6730.0,9.779000e-28,8.920000e-29,2.667000
6740.0,1.132000e-27,1.130000e-28,2.741000
6750.0,1.344000e-27,1.400000e-28,2.824000
6760.0,1.544000e-27,1.700000e-28,2.955000
6770.0,1.820000e-27,2.050000e-28,3.069000
6780.0,2.207000e-27,2.370000e-28,3.196000
6790.0,2.509000e-27,2.610000e-28,3.298000
6800.0,2.854000e-27,2.770000e-28,3.408000
6810.0,3.026000e-27,2.850000e-28,3.501000
6820.0,3.278000e-27,2.860000e-28,3.577000
6830.0,3.474000e-27,2.780000e-28,3.642000
6840.0,3.693000e-27,2.720000e-28,3.673000
6850.0,3.930000e-27,2.740000e-28,3.712000
6860.0,4.104000e-27,2.830000e-28,3.712000
6870.0,4.220000e-27,3.010000e-28,3.688000
6880.0,4.439000e-27,3.220000e-28,3.632000
6890.0,4.545000e-27,3.520000e-28,3.598000
6900.0,4.778000e-27,3.780000e-28,3.567000
6910.0,4.812000e-27,4.030000e-28,3.536000
6920.0,5.018000e-27,4.210000e-28,3.461000
6930.0,4.899000e-27,4.330000e-28,3.398000
6940.0,5.075000e-27,4.390000e-28,3.331000
6950.0,5.073000e-27,4.340000e-28,3.211000
6960.0,5.171000e-27,4.250000e-28,3.099000
6970.0,5.131000e-27,4.070000e-28,2.947000
6980.0,5.250000e-27,3.880000e-28,2.825000
6990.0,5.617000e-27,3.670000e-28,2.651000
7000.0,5.846000e-27,3.560000e-28,2.467000
7010.0,6.239000e-27,3.520000e-28,2.338000
7020.0,6.696000e-27,3.670000e-28,2.184000
7030.0,7.398000e-27,4.020000e-28,2.098000
7040.0,8.073000e-27,4.640000e-28,2.061000
7050.0,9.150000e-27,5.630000e-28,2.037000
7060.0,1.009000e-26,6.890000e-28,2.101000
7070.0,1.116000e-26,8.820000e-28,2.154000
7080.0,1.264000e-26,1.110000e-27,2.279000
7090.0,1.439000e-26,1.410000e-27,2.397000
7100.0,1.644000e-26,1.730000e-27,2.514000
7110.0,1.856000e-26,2.120000e-27,2.669000
7120.0,2.147000e-26,2.570000e-27,2.799000
7130.0,2.317000e-26,2.990000e-27,2.946000
7140.0,2.713000e-26,3.450000e-27,3.099000
7150.0,2.882000e-26,3.790000e-27,3.232000
7160.0,2.990000e-26,4.090000e-27,3.331000
7170.0,3.489000e-26,4.230000e-27,3.404000
7180.0,3.581000e-26,4.300000e-27,3.471000
7190.0,4.033000e-26,4.330000e-27,3.481000
7200.0,4.260000e-26,4.350000e-27,3.516000
7210.0,4.543000e-26,4.440000e-27,3.537000
7220.0,4.840000e-26,4.540000e-27,3.587000
7230.0,4.826000e-26,4.620000e-27,3.613000
7240.0,5.013000e-26,4.670000e-27,3.637000
7250.0,5.252000e-26,4.710000e-27,3.702000
7260.0,5.277000e-26,4.770000e-27,3.772000
7270.0,5.306000e-26,4.930000e-27,3.874000
7280.0,5.234000e-26,5.190000e-27,3.898000
7290.0,5.111000e-26,5.540000e-27,3.883000
7300.0,5.134000e-26,5.900000e-27,3.840000
7310.0,4.748000e-26,6.120000e-27,3.771000
7320.0,4.434000e-26,6.150000e-27,3.692000
7330.0,4.109000e-26,5.810000e-27,3.566000
7340.0,3.605000e-26,5.210000e-27,3.436000
7350.0,3.252000e-26,4.510000e-27,3.290000
7360.0,2.731000e-26,3.690000e-27,3.133000
7370.0,2.369000e-26,2.890000e-27,3.002000
7380.0,1.922000e-26,2.140000e-27,2.833000
7390.0,1.558000e-26,1.550000e-27,2.686000
7400.0,1.321000e-26,1.110000e-27,2.565000
7410.0,1.058000e-26,7.780000e-28,2.498000
7420.0,8.515000e-27,5.460000e-28,2.489000
7430.0,6.811000e-27,3.930000e-28,2.510000
7440.0,5.431000e-27,2.930000e-28,2.575000
7450.0,4.348000e-27,2.260000e-28,2.690000
7460.0,3.510000e-27,1.827000e-28,2.836000
7470.0,2.853000e-27,1.537000e-28,2.967000
7480.0,2.344000e-27,1.324000e-28,3.067000
7490.0,1.949000e-27,1.144000e-28,3.150000
7500.0,1.649000e-27,9.841000e-29,3.215000
7510.0,1.409000e-27,8.226000e-29,3.275000
7520.0,1.232000e-27,6.832000e-29,3.333000
7530.0,1.098000e-27,5.782000e-29,3.369000
7540.0,9.866000e-28,4.828000e-29,3.416000
7550.0,8.899000e-28,4.081000e-29,3.478000
7560.0,8.135000e-28,3.575000e-29,3.526000
7570.0,7.409000e-28,3.239000e-29,3.563000
7580.0,6.809000e-28,2.806000e-29,3.603000
7590.0,6.237000e-28,2.365000e-29,3.649000
7600.0,5.728000e-28,2.002000e-29,3.678000
7610.0,5.267000e-28,1.685000e-29,3.694000
7620.0,4.865000e-28,1.412000e-29,3.716000
7630.0,4.482000e-28,1.196000e-29,3.740000
7640.0,4.169000e-28,1.029000e-29,3.761000
7650.0,3.841000e-28,8.712000e-30,3.800000
7660.0,3.573000e-28,7.602000e-30,3.831000
7670.0,3.304000e-28,6.494000e-30,3.874000
7680.0,3.065000e-28,5.588000e-30,3.942000
7690.0,2.851000e-28,4.802000e-30,4.005000
7700.0,2.634000e-28,4.184000e-30,4.099000
7710.0,2.448000e-28,3.626000e-30,4.193000
7720.0,2.275000e-28,3.180000e-30,4.290000
7730.0,2.114000e-28,2.819000e-30,4.387000
7740.0,1.965000e-28,2.487000e-30,4.497000
7750.0,1.830000e-28,2.197000e-30,4.617000
7760.0,1.707000e-28,1.951000e-30,4.715000
7770.0,1.591000e-28,1.746000e-30,4.805000
7780.0,1.484000e-28,1.574000e-30,4.894000
7790.0,1.386000e-28,1.415000e-30,4.991000
7800.0,1.294000e-28,1.275000e-30,5.084000
7810.0,1.209000e-28,1.156000e-30,5.161000
7820.0,1.131000e-28,1.054000e-30,5.236000
7830.0,1.056000e-28,9.632000e-31,5.300000
7840.0,9.901000e-29,8.898000e-31,5.368000
7850.0,9.263000e-29,8.142000e-31,5.454000
7860.0,8.680000e-29,7.473000e-31,5.529000
7870.0,8.137000e-29,6.887000e-31,5.589000
7880.0,7.627000e-29,6.352000e-31,5.654000
7890.0,7.158000e-29,5.863000e-31,5.714000
7900.0,6.715000e-29,5.419000e-31,5.786000
7910.0,6.305000e-29,5.017000e-31,5.838000
7920.0,5.927000e-29,4.632000e-31,5.886000
7930.0,5.568000e-29,4.297000e-31,5.947000
7940.0,5.242000e-29,3.994000e-31,5.987000
7950.0,4.935000e-29,3.729000e-31,6.032000
7960.0,4.648000e-29,3.488000e-31,6.071000
7970.0,4.383000e-29,3.262000e-31,6.099000
7980.0,4.137000e-29,3.052000e-31,6.122000
7990.0,3.909000e-29,2.854000e-31,6.136000
8000.0,3.697000e-29,2.666000e-31,6.147000
8010.0,3.500000e-29,2.507000e-31,6.151000
8020.0,3.321000e-29,2.380000e-31,6.144000
8030.0,3.156000e-29,2.284000e-31,6.129000
8040.0,3.006000e-29,2.218000e-31,6.104000
8050.0,2.868000e-29,2.188000e-31,6.063000
8060.0,2.745000e-29,2.186000e-31,6.008000
8070.0,2.638000e-29,2.274000e-31,5.936000
8080.0,2.545000e-29,2.411000e-31,5.835000
8090.0,2.469000e-29,2.632000e-31,5.713000
8100.0,2.405000e-29,2.946000e-31,5.572000
8110.0,2.369000e-29,3.377000e-31,5.404000
8120.0,2.344000e-29,4.136000e-31,5.225000
8130.0,2.350000e-29,5.091000e-31,5.042000
8140.0,2.371000e-29,6.500000e-31,4.880000
8150.0,2.491000e-29,8.029000e-31,4.718000
8160.0,2.535000e-29,1.060000e-30,4.576000
8170.0,2.730000e-29,1.353000e-30,4.460000
8180.0,3.067000e-29,1.687000e-30,4.355000
8190.0,3.322000e-29,2.032000e-30,4.234000
8200.0,3.630000e-29,2.297000e-30,4.111000
8210.0,4.045000e-29,2.614000e-30,3.975000
8220.0,4.524000e-29,3.012000e-30,3.888000
8230.0,4.981000e-29,3.333000e-30,3.766000
8240.0,5.613000e-29,3.598000e-30,3.683000
8250.0,6.051000e-29,3.817000e-30,3.633000
8260.0,6.538000e-29,3.976000e-30,3.637000
8270.0,6.892000e-29,4.094000e-30,3.669000
8280.0,7.601000e-29,5.070000e-30,3.702000
8290.0,8.194000e-29,6.520000e-30,3.739000
8300.0,8.806000e-29,8.376000e-30,3.804000
8310.0,9.450000e-29,9.522000e-30,3.870000
8320.0,9.745000e-29,9.704000e-30,3.916000
8330.0,1.009000e-28,1.011000e-29,3.948000
8340.0,1.017000e-28,1.017000e-29,3.943000
8350.0,1.039000e-28,9.629000e-30,3.971000
8360.0,1.061000e-28,8.527000e-30,3.980000
8370.0,1.076000e-28,8.054000e-30,3.982000
8380.0,1.086000e-28,8.269000e-30,3.967000
8390.0,1.111000e-28,9.019000e-30,3.950000
8400.0,1.142000e-28,1.023000e-29,3.947000
8410.0,1.160000e-28,1.181000e-29,3.920000
8420.0,1.174000e-28,1.245000e-29,3.888000
8430.0,1.180000e-28,1.226000e-29,3.819000
8440.0,1.187000e-28,1.182000e-29,3.756000
8450.0,1.194000e-28,1.109000e-29,3.689000
8460.0,1.192000e-28,9.835000e-30,3.618000
8470.0,1.224000e-28,9.044000e-30,3.523000
8480.0,1.245000e-28,8.157000e-30,3.405000
8490.0,1.246000e-28,7.184000e-30,3.303000
8500.0,1.318000e-28,6.295000e-30,3.206000
8510.0,1.377000e-28,5.480000e-30,3.098000
8520.0,1.471000e-28,4.895000e-30,2.963000
8530.0,1.582000e-28,4.520000e-30,2.816000
8540.0,1.713000e-28,4.485000e-30,2.667000
8550.0,1.853000e-28,4.574000e-30,2.521000
8560.0,2.063000e-28,4.856000e-30,2.390000
8570.0,2.270000e-28,5.356000e-30,2.261000
8580.0,2.567000e-28,6.406000e-30,2.135000
8590.0,2.891000e-28,8.013000e-30,2.031000
8600.0,3.264000e-28,1.006000e-29,1.988000
8610.0,3.744000e-28,1.236000e-29,1.995000
8620.0,4.286000e-28,1.568000e-29,2.044000
8630.0,4.915000e-28,2.118000e-29,2.105000
8640.0,5.623000e-28,2.955000e-29,2.189000
8650.0,6.336000e-28,4.231000e-29,2.315000
8660.0,7.293000e-28,5.827000e-29,2.445000
8670.0,8.309000e-28,7.819000e-29,2.592000
8680.0,9.319000e-28,1.009000e-28,2.745000
8690.0,1.091000e-27,1.240000e-28,2.907000
8700.0,1.243000e-27,1.460000e-28,3.070000
8710.0,1.348000e-27,1.640000e-28,3.231000
8720.0,1.449000e-27,1.790000e-28,3.340000
8730.0,1.620000e-27,1.870000e-28,3.450000
8740.0,1.846000e-27,1.930000e-28,3.547000
8750.0,1.937000e-27,1.930000e-28,3.617000
8760.0,2.040000e-27,1.930000e-28,3.682000
8770.0,2.179000e-27,1.950000e-28,3.683000
8780.0,2.298000e-27,2.070000e-28,3.653000
8790.0,2.433000e-27,2.230000e-28,3.577000
8800.0,2.439000e-27,2.340000e-28,3.558000
8810.0,2.464000e-27,2.440000e-28,3.572000
8820.0,2.611000e-27,2.550000e-28,3.597000
8830.0,2.617000e-27,2.670000e-28,3.648000
8840.0,2.582000e-27,2.760000e-28,3.693000
8850.0,2.453000e-27,2.810000e-28,3.772000
8860.0,2.401000e-27,2.900000e-28,3.801000
8870.0,2.349000e-27,2.940000e-28,3.772000
8880.0,2.203000e-27,2.910000e-28,3.703000
8890.0,2.066000e-27,2.770000e-28,3.597000
8900.0,1.939000e-27,2.520000e-28,3.459000
8910.0,1.780000e-27,2.210000e-28,3.335000
8920.0,1.558000e-27,1.840000e-28,3.189000
8930.0,1.391000e-27,1.490000e-28,3.054000
8940.0,1.203000e-27,1.150000e-28,2.901000
8950.0,1.048000e-27,8.640000e-29,2.756000
8960.0,9.464000e-28,6.440000e-29,2.629000
8970.0,8.306000e-28,4.790000e-29,2.519000
8980.0,7.239000e-28,3.640000e-29,2.415000
8990.0,6.317000e-28,2.750000e-29,2.379000
9000.0,5.520000e-28,2.140000e-29,2.391000
9010.0,4.847000e-28,1.750000e-29,2.433000
9020.0,4.282000e-28,1.480000e-29,2.485000
9030.0,3.796000e-28,1.300000e-29,2.612000
9040.0,3.377000e-28,1.160000e-29,2.787000
9050.0,2.996000e-28,1.054000e-29,2.913000
9060.0,2.678000e-28,9.541000e-30,3.033000
9070.0,2.400000e-28,8.551000e-30,3.110000
9080.0,2.134000e-28,7.602000e-30,3.185000
9090.0,1.904000e-28,6.706000e-30,3.210000
9100.0,1.705000e-28,5.725000e-30,3.254000
9110.0,1.523000e-28,4.695000e-30,3.286000
9120.0,1.350000e-28,3.980000e-30,3.316000
9130.0,1.204000e-28,3.547000e-30,3.334000
9140.0,1.070000e-28,3.195000e-30,3.376000
9150.0,9.408000e-29,2.933000e-30,3.422000
9160.0,8.476000e-29,2.553000e-30,3.443000
9170.0,7.470000e-29,2.077000e-30,3.471000
9180.0,6.679000e-29,1.706000e-30,3.492000
9190.0,5.929000e-29,1.389000e-30,3.496000
9200.0,5.267000e-29,1.188000e-30,3.491000
9210.0,4.711000e-29,1.023000e-30,3.491000
9220.0,4.172000e-29,8.598000e-31,3.481000
9230.0,3.761000e-29,7.241000e-31,3.460000
9240.0,3.288000e-29,5.923000e-31,3.475000
9250.0,2.929000e-29,4.891000e-31,3.466000
9260.0,2.609000e-29,4.055000e-31,3.471000
9270.0,2.315000e-29,3.496000e-31,3.485000
9280.0,2.042000e-29,2.930000e-31,3.482000
9290.0,1.844000e-29,2.455000e-31,3.548000
9300.0,1.640000e-29,2.158000e-31,3.566000
9310.0,1.470000e-29,1.834000e-31,3.643000
9320.0,1.310000e-29,1.560000e-31,3.748000
9330.0,1.176000e-29,1.378000e-31,3.800000
9340.0,1.049000e-29,1.153000e-31,3.956000
9350.0,9.377000e-30,9.816000e-32,4.068000
9360.0,8.462000e-30,8.436000e-32,4.223000
9370.0,7.616000e-30,7.371000e-32,4.357000
9380.0,6.818000e-30,6.374000e-32,4.506000
9390.0,6.119000e-30,5.452000e-32,4.634000
9400.0,5.558000e-30,4.766000e-32,4.752000
9410.0,5.152000e-30,4.153000e-32,4.839000
9420.0,4.832000e-30,3.703000e-32,4.890000
9430.0,4.546000e-30,3.277000e-32,4.950000
9440.0,4.267000e-30,2.908000e-32,5.034000
9450.0,4.009000e-30,2.575000e-32,5.113000
9460.0,3.770000e-30,2.326000e-32,5.176000
9470.0,3.546000e-30,2.104000e-32,5.228000
9480.0,3.340000e-30,1.905000e-32,5.383000
9490.0,3.149000e-30,1.730000e-32,5.523000
9500.0,2.971000e-30,1.586000e-32,5.620000
9510.0,2.805000e-30,1.450000e-32,5.705000
9520.0,2.652000e-30,1.345000e-32,5.775000
9530.0,2.509000e-30,1.250000e-32,5.823000
9540.0,2.377000e-30,1.164000e-32,5.885000
9550.0,2.255000e-30,1.092000e-32,5.931000
9560.0,2.142000e-30,1.045000e-32,5.960000
9570.0,2.038000e-30,1.009000e-32,5.985000
9580.0,1.943000e-30,1.005000e-32,6.006000
9590.0,1.855000e-30,9.951000e-33,6.019000
9600.0,1.776000e-30,1.005000e-32,6.021000
9610.0,1.703000e-30,1.059000e-32,6.015000
9620.0,1.640000e-30,1.143000e-32,5.997000
9630.0,1.586000e-30,1.260000e-32,5.954000
9640.0,1.536000e-30,1.363000e-32,5.901000
9650.0,1.494000e-30,1.432000e-32,5.817000
9660.0,1.466000e-30,1.569000e-32,5.716000
9670.0,1.446000e-30,1.758000e-32,5.554000
9680.0,1.440000e-30,1.998000e-32,5.389000
9690.0,1.439000e-30,2.326000e-32,5.180000
9700.0,1.455000e-30,2.705000e-32,4.951000
9710.0,1.461000e-30,3.333000e-32,4.772000
9720.0,1.479000e-30,4.112000e-32,4.646000
9730.0,1.514000e-30,5.401000e-32,4.551000
9740.0,1.538000e-30,7.508000e-32,4.424000
9750.0,1.590000e-30,1.020000e-31,4.389000
9760.0,1.652000e-30,1.368000e-31,4.410000
9770.0,1.750000e-30,1.613000e-31,4.457000
9780.0,1.811000e-30,1.696000e-31,4.471000
9790.0,1.880000e-30,1.727000e-31,4.473000
9800.0,1.933000e-30,1.792000e-31,4.545000
9810.0,2.027000e-30,1.778000e-31,4.605000
9820.0,2.078000e-30,1.662000e-31,4.644000
9830.0,2.170000e-30,1.502000e-31,4.652000
9840.0,2.249000e-30,1.489000e-31,4.669000
9850.0,2.323000e-30,1.562000e-31,4.666000
9860.0,2.408000e-30,1.665000e-31,4.639000
9870.0,2.461000e-30,1.814000e-31,4.603000
9880.0,2.536000e-30,2.002000e-31,4.531000
9890.0,2.581000e-30,2.318000e-31,4.493000
9900.0,2.615000e-30,2.700000e-31,4.449000
9910.0,2.721000e-30,2.763000e-31,4.411000
9920.0,2.782000e-30,2.343000e-31,4.361000
9930.0,2.866000e-30,1.951000e-31,4.304000
9940.0,2.938000e-30,1.608000e-31,4.269000
9950.0,2.958000e-30,1.422000e-31,4.212000
9960.0,3.011000e-30,1.321000e-31,4.170000
9970.0,3.155000e-30,1.330000e-31,4.152000
9980.0,3.237000e-30,1.190000e-31,4.133000
9990.0,3.589000e-30,1.130000e-31,4.119000
10000.0,3.838000e-30,1.016000e-31,4.100000
10010.0,4.083000e-30,9.038000e-32,4.105000
10020.0,4.354000e-30,7.965000e-32,4.096000
10030.0,4.745000e-30,7.894000e-32,4.042000
10040.0,5.148000e-30,8.265000e-32,3.964000
10050.0,5.648000e-30,9.273000e-32,3.876000
10060.0,6.194000e-30,1.058000e-31,3.779000
10070.0,6.748000e-30,1.219000e-31,3.652000
10080.0,7.566000e-30,1.548000e-31,3.513000
10090.0,8.421000e-30,1.833000e-31,3.359000
10100.0,9.427000e-30,2.264000e-31,3.201000
10110.0,1.042000e-29,2.884000e-31,3.075000
10120.0,1.165000e-29,3.659000e-31,2.935000
10130.0,1.341000e-29,4.776000e-31,2.775000
10140.0,1.518000e-29,6.271000e-31,2.682000
10150.0,1.686000e-29,7.958000e-31,2.601000
10160.0,2.036000e-29,1.032000e-30,2.613000
10170.0,2.362000e-29,1.338000e-30,2.640000
10180.0,2.811000e-29,1.802000e-30,2.663000
10190.0,3.296000e-29,2.366000e-30,2.730000
10200.0,4.070000e-29,2.933000e-30,2.820000
10210.0,4.695000e-29,3.923000e-30,2.936000
10220.0,6.152000e-29,5.504000e-30,3.052000
10230.0,7.572000e-29,7.652000e-30,3.149000
10240.0,9.557000e-29,9.572000e-30,3.243000
10250.0,1.135000e-28,1.097000e-29,3.322000
10260.0,1.279000e-28,1.126000e-29,3.394000
10270.0,1.364000e-28,1.113000e-29,3.441000
10280.0,1.436000e-28,1.090000e-29,3.479000
10290.0,1.540000e-28,1.070000e-29,3.449000
10300.0,1.672000e-28,1.070000e-29,3.423000
10310.0,1.793000e-28,1.120000e-29,3.388000
10320.0,1.906000e-28,1.210000e-29,3.331000
10330.0,2.036000e-28,1.330000e-29,3.253000
10340.0,2.144000e-28,1.480000e-29,3.153000
10350.0,2.292000e-28,1.640000e-29,3.109000
10360.0,2.371000e-28,1.790000e-29,3.050000
10370.0,2.493000e-28,1.940000e-29,2.952000
10380.0,2.606000e-28,2.050000e-29,2.864000
10390.0,2.706000e-28,2.170000e-29,2.808000
10400.0,2.866000e-28,2.280000e-29,2.708000
10410.0,3.036000e-28,2.400000e-29,2.657000
10420.0,3.136000e-28,2.530000e-29,2.594000
10430.0,3.405000e-28,2.740000e-29,2.554000
10440.0,3.665000e-28,3.030000e-29,2.543000
10450.0,3.837000e-28,3.420000e-29,2.549000
10460.0,4.229000e-28,3.870000e-29,2.623000
10470.0,4.748000e-28,4.470000e-29,2.708000
10480.0,5.320000e-28,5.190000e-29,2.798000
10490.0,5.763000e-28,5.910000e-29,2.909000
10500.0,6.677000e-28,6.770000e-29,3.039000
10510.0,7.216000e-28,7.500000e-29,3.161000
10520.0,7.716000e-28,8.280000e-29,3.244000
10530.0,8.958000e-28,8.830000e-29,3.293000
10540.0,9.419000e-28,9.360000e-29,3.358000
10550.0,1.036000e-27,9.910000e-29,3.389000
10560.0,1.108000e-27,1.030000e-28,3.424000
10570.0,1.189000e-27,1.090000e-28,3.489000
10580.0,1.246000e-27,1.140000e-28,3.559000
10590.0,1.348000e-27,1.170000e-28,3.601000
10600.0,1.310000e-27,1.180000e-28,3.641000
10610.0,1.361000e-27,1.180000e-28,3.707000
10620.0,1.364000e-27,1.180000e-28,3.791000
10630.0,1.363000e-27,1.210000e-28,3.879000
10640.0,1.343000e-27,1.260000e-28,3.902000
10650.0,1.293000e-27,1.350000e-28,3.873000
10660.0,1.254000e-27,1.430000e-28,3.811000
10670.0,1.235000e-27,1.490000e-28,3.726000
10680.0,1.158000e-27,1.490000e-28,3.637000
10690.0,1.107000e-27,1.400000e-28,3.519000
10700.0,9.961000e-28,1.250000e-28,3.357000
10710.0,9.011000e-28,1.070000e-28,3.205000
10720.0,7.910000e-28,8.610000e-29,3.055000
10730.0,6.916000e-28,6.570000e-29,2.898000
10740.0,6.338000e-28,4.800000e-29,2.737000
10750.0,5.564000e-28,3.470000e-29,2.612000
10760.0,4.827000e-28,2.470000e-29,2.543000
10770.0,4.198000e-28,1.780000e-29,2.531000
10780.0,3.695000e-28,1.330000e-29,2.589000
10790.0,3.276000e-28,1.050000e-29,2.697000
10800.0,2.929000e-28,8.720000e-30,2.819000
10810.0,2.633000e-28,7.510000e-30,2.914000
10820.0,2.391000e-28,6.760000e-30,2.991000
10830.0,2.192000e-28,6.270000e-30,3.045000
10840.0,2.021000e-28,6.000000e-30,3.067000
10850.0,1.890000e-28,5.990000e-30,3.060000
10860.0,1.772000e-28,6.260000e-30,3.082000
10870.0,1.667000e-28,6.860000e-30,3.087000
10880.0,1.603000e-28,7.580000e-30,3.110000
10890.0,1.547000e-28,8.490000e-30,3.145000
10900.0,1.537000e-28,9.530000e-30,3.183000
10910.0,1.492000e-28,1.050000e-29,3.249000
10920.0,1.515000e-28,1.140000e-29,3.296000
10930.0,1.479000e-28,1.200000e-29,3.346000
10940.0,1.450000e-28,1.250000e-29,3.399000
10950.0,1.513000e-28,1.280000e-29,3.409000
10960.0,1.495000e-28,1.300000e-29,3.449000
10970.0,1.529000e-28,1.310000e-29,3.472000
10980.0,1.565000e-28,1.320000e-29,3.497000
10990.0,1.564000e-28,1.330000e-29,3.550000
11000.0,1.553000e-28,1.330000e-29,3.593000
11010.0,1.569000e-28,1.310000e-29,3.638000
11020.0,1.584000e-28,1.270000e-29,3.674000
11030.0,1.570000e-28,1.230000e-29,3.731000
11040.0,1.538000e-28,1.190000e-29,3.795000
11050.0,1.531000e-28,1.200000e-29,3.863000
11060.0,1.346000e-28,1.250000e-29,3.874000
11070.0,1.199000e-28,1.330000e-29,3.845000
11080.0,1.044000e-28,1.420000e-29,3.808000
11090.0,8.892000e-29,1.480000e-29,3.739000
11100.0,7.076000e-29,1.490000e-29,3.661000
11110.0,5.884000e-29,1.410000e-29,3.556000
11120.0,5.039000e-29,1.260000e-29,3.411000
11130.0,4.129000e-29,1.080000e-29,3.273000
11140.0,3.663000e-29,8.800000e-30,3.139000
11150.0,2.993000e-29,6.780000e-30,3.009000
11160.0,2.622000e-29,4.911000e-30,2.865000
11170.0,2.232000e-29,3.496000e-30,2.736000
11180.0,1.884000e-29,2.473000e-30,2.675000
11190.0,1.569000e-29,1.802000e-30,2.674000
11200.0,1.348000e-29,1.369000e-30,2.730000
11210.0,1.144000e-29,1.077000e-30,2.845000
11220.0,1.009000e-29,8.546000e-31,2.969000
11230.0,8.833000e-30,6.667000e-31,3.148000
11240.0,7.907000e-30,5.313000e-31,3.300000
11250.0,7.079000e-30,4.301000e-31,3.429000
11260.0,6.514000e-30,3.525000e-31,3.550000
11270.0,5.823000e-30,2.974000e-31,3.642000
11280.0,5.312000e-30,2.520000e-31,3.721000
11290.0,4.883000e-30,2.094000e-31,3.797000
11300.0,4.458000e-30,1.753000e-31,3.866000
11310.0,4.094000e-30,1.490000e-31,3.918000
11320.0,3.734000e-30,1.238000e-31,3.992000
11330.0,3.458000e-30,1.062000e-31,4.054000
11340.0,3.205000e-30,9.244000e-32,4.117000
11350.0,2.962000e-30,8.033000e-32,4.180000
11360.0,2.733000e-30,7.035000e-32,4.237000
11370.0,2.532000e-30,6.101000e-32,4.318000
11380.0,2.351000e-30,5.289000e-32,4.400000
11390.0,2.187000e-30,4.631000e-32,4.482000
11400.0,2.034000e-30,4.064000e-32,4.567000
11410.0,1.889000e-30,3.587000e-32,4.648000
11420.0,1.764000e-30,3.166000e-32,4.735000
11430.0,1.648000e-30,2.828000e-32,4.813000
11440.0,1.541000e-30,2.543000e-32,4.886000
11450.0,1.443000e-30,2.294000e-32,4.958000
11460.0,1.355000e-30,2.081000e-32,5.022000
11470.0,1.274000e-30,1.894000e-32,5.083000
11480.0,1.198000e-30,1.725000e-32,5.137000
11490.0,1.133000e-30,1.592000e-32,5.186000
11500.0,1.071000e-30,1.475000e-32,5.231000
11510.0,1.015000e-30,1.374000e-32,5.266000
11520.0,9.648000e-31,1.294000e-32,5.295000
11530.0,9.195000e-31,1.233000e-32,5.317000
11540.0,8.791000e-31,1.190000e-32,5.324000
11550.0,8.435000e-31,1.157000e-32,5.311000
11560.0,8.125000e-31,1.144000e-32,5.287000
11570.0,7.859000e-31,1.156000e-32,5.248000
11580.0,7.621000e-31,1.184000e-32,5.178000
11590.0,7.481000e-31,1.236000e-32,5.076000
11600.0,7.351000e-31,1.350000e-32,4.954000
11610.0,7.228000e-31,1.515000e-32,4.793000
11620.0,7.295000e-31,1.759000e-32,4.605000
11630.0,7.339000e-31,2.098000e-32,4.349000
11640.0,7.588000e-31,2.581000e-32,4.099000
11650.0,7.701000e-31,3.114000e-32,3.939000
11660.0,7.886000e-31,3.888000e-32,3.720000
11670.0,8.511000e-31,4.875000e-32,3.578000
11680.0,9.061000e-31,6.057000e-32,3.462000
11690.0,9.926000e-31,7.249000e-32,3.431000
11700.0,1.083000e-30,8.794000e-32,3.463000
11710.0,1.241000e-30,1.101000e-31,3.480000
11720.0,1.469000e-30,1.381000e-31,3.528000
11730.0,1.736000e-30,1.705000e-31,3.564000
11740.0,1.966000e-30,2.027000e-31,3.631000
11750.0,2.132000e-30,2.143000e-31,3.705000
11760.0,2.280000e-30,2.098000e-31,3.747000
11770.0,2.473000e-30,2.130000e-31,3.782000
11780.0,2.718000e-30,2.112000e-31,3.802000
11790.0,2.922000e-30,2.003000e-31,3.825000
11800.0,3.128000e-30,1.874000e-31,3.821000
11810.0,3.361000e-30,1.891000e-31,3.787000
11820.0,3.641000e-30,2.078000e-31,3.737000
11830.0,3.910000e-30,2.373000e-31,3.698000
11840.0,4.196000e-30,2.765000e-31,3.642000
11850.0,4.501000e-30,3.042000e-31,3.563000
11860.0,4.932000e-30,3.165000e-31,3.445000
11870.0,5.258000e-30,3.191000e-31,3.320000
11880.0,5.755000e-30,3.148000e-31,3.200000
11890.0,6.253000e-30,3.076000e-31,3.072000
11900.0,6.664000e-30,3.127000e-31,2.931000
11910.0,7.344000e-30,3.164000e-31,2.722000
11920.0,7.985000e-30,3.259000e-31,2.582000
11930.0,8.877000e-30,3.423000e-31,2.409000
11940.0,1.005000e-29,3.610000e-31,2.311000
11950.0,1.118000e-29,4.051000e-31,2.237000
11960.0,1.251000e-29,4.697000e-31,2.194000
11970.0,1.428000e-29,5.785000e-31,2.209000
11980.0,1.610000e-29,7.579000e-31,2.256000
11990.0,1.888000e-29,1.036000e-30,2.352000
12000.0,2.077000e-29,1.441000e-30,2.450000
12010.0,2.331000e-29,1.984000e-30,2.584000
12020.0,2.751000e-29,2.627000e-30,2.720000
12030.0,3.061000e-29,3.316000e-30,2.870000
12040.0,3.522000e-29,3.950000e-30,3.018000
12050.0,3.805000e-29,4.470000e-30,3.184000
12060.0,4.181000e-29,4.920000e-30,3.316000
12070.0,4.575000e-29,5.200000e-30,3.408000
12080.0,5.167000e-29,5.390000e-30,3.506000
12090.0,5.634000e-29,5.460000e-30,3.577000
12100.0,6.007000e-29,5.530000e-30,3.623000
12110.0,6.501000e-29,5.660000e-30,3.604000
12120.0,6.829000e-29,6.020000e-30,3.565000
12130.0,7.211000e-29,6.430000e-30,3.555000
12140.0,7.262000e-29,6.680000e-30,3.562000
12150.0,7.696000e-29,6.910000e-30,3.585000
12160.0,7.832000e-29,7.120000e-30,3.603000
12170.0,7.799000e-29,7.420000e-30,3.681000
12180.0,7.651000e-29,7.550000e-30,3.774000
12190.0,7.304000e-29,7.750000e-30,3.838000
12200.0,7.150000e-29,8.090000e-30,3.830000
12210.0,6.977000e-29,8.300000e-30,3.779000
12220.0,6.603000e-29,8.350000e-30,3.711000
12230.0,6.209000e-29,7.950000e-30,3.592000
12240.0,5.690000e-29,7.220000e-30,3.455000
12250.0,5.432000e-29,6.300000e-30,3.326000
12260.0,4.764000e-29,5.230000e-30,3.157000
12270.0,4.189000e-29,4.200000e-30,3.007000
12280.0,3.640000e-29,3.190000e-30,2.847000
12290.0,3.203000e-29,2.390000e-30,2.702000
12300.0,2.848000e-29,1.790000e-30,2.583000
12310.0,2.510000e-29,1.360000e-30,2.503000
12320.0,2.194000e-29,1.050000e-30,2.479000
12330.0,1.946000e-29,8.320000e-31,2.513000
12340.0,1.750000e-29,6.890000e-31,2.588000
12350.0,1.567000e-29,5.890000e-31,2.656000
12360.0,1.426000e-29,5.140000e-31,2.780000
12370.0,1.302000e-29,4.600000e-31,2.894000
12380.0,1.197000e-29,4.190000e-31,2.967000
12390.0,1.109000e-29,3.940000e-31,3.026000
12400.0,1.035000e-29,3.900000e-31,3.076000
12410.0,9.719000e-30,4.070000e-31,3.122000
12420.0,9.207000e-30,4.390000e-31,3.164000
12430.0,8.957000e-30,4.820000e-31,3.212000
12440.0,8.578000e-30,5.290000e-31,3.282000
12450.0,8.262000e-30,5.750000e-31,3.335000
12460.0,8.117000e-30,6.090000e-31,3.405000
12470.0,7.987000e-30,6.280000e-31,3.468000
12480.0,7.875000e-30,6.310000e-31,3.508000
12490.0,7.741000e-30,6.190000e-31,3.546000
12500.0,7.762000e-30,6.040000e-31,3.570000
12510.0,7.537000e-30,5.850000e-31,3.591000
12520.0,7.424000e-30,5.710000e-31,3.575000
12530.0,7.474000e-30,5.680000e-31,3.576000
12540.0,7.294000e-30,5.680000e-31,3.611000
12550.0,7.216000e-30,5.640000e-31,3.619000
12560.0,7.233000e-30,5.580000e-31,3.649000
12570.0,7.140000e-30,5.510000e-31,3.675000
12580.0,7.085000e-30,5.480000e-31,3.764000
12590.0,6.434000e-30,5.450000e-31,3.854000
12600.0,5.585000e-30,5.570000e-31,3.880000
12610.0,5.015000e-30,5.770000e-31,3.873000
12620.0,3.956000e-30,5.960000e-31,3.830000
12630.0,3.337000e-30,6.050000e-31,3.767000
12640.0,2.545000e-30,5.890000e-31,3.673000
12650.0,2.141000e-30,5.430000e-31,3.556000
12660.0,1.761000e-30,4.770000e-31,3.440000
12670.0,1.685000e-30,4.020000e-31,3.309000
12680.0,1.507000e-30,3.250000e-31,3.188000
12690.0,1.241000e-30,2.482000e-31,3.070000
12700.0,1.081000e-30,1.774000e-31,2.969000
12710.0,9.675000e-31,1.256000e-31,2.906000
12720.0,7.964000e-31,9.234000e-32,2.871000
12730.0,6.930000e-31,7.045000e-32,2.904000
12740.0,5.790000e-31,5.521000e-32,3.003000
12750.0,5.069000e-31,4.369000e-32,3.162000
12760.0,4.452000e-31,3.524000e-32,3.317000
12770.0,3.970000e-31,2.816000e-32,3.469000
12780.0,3.551000e-31,2.251000e-32,3.647000
12790.0,3.228000e-31,1.804000e-32,3.774000
12800.0,2.939000e-31,1.463000e-32,3.884000
12810.0,2.682000e-31,1.215000e-32,3.980000
12820.0,2.471000e-31,1.024000e-32,4.066000
12830.0,2.278000e-31,8.639000e-33,4.143000
12840.0,2.106000e-31,7.368000e-33,4.225000
12850.0,1.950000e-31,6.218000e-33,4.323000
12860.0,1.811000e-31,5.294000e-33,4.419000
12870.0,1.682000e-31,4.549000e-33,4.515000
12880.0,1.563000e-31,3.948000e-33,4.603000
12890.0,1.458000e-31,3.406000e-33,4.707000
12900.0,1.363000e-31,3.054000e-33,4.809000
12910.0,1.278000e-31,2.726000e-33,4.893000
12920.0,1.200000e-31,2.447000e-33,4.984000
12930.0,1.129000e-31,2.195000e-33,5.071000
12940.0,1.066000e-31,1.985000e-33,5.156000
12950.0,1.007000e-31,1.806000e-33,5.251000
12960.0,9.545000e-32,1.655000e-33,5.329000
12970.0,9.075000e-32,1.512000e-33,5.407000
12980.0,8.656000e-32,1.388000e-33,5.478000
12990.0,8.285000e-32,1.281000e-33,5.543000
13000.0,7.958000e-32,1.202000e-33,5.594000
13010.0,7.674000e-32,1.130000e-33,5.641000
13020.0,7.431000e-32,1.067000e-33,5.684000
13030.0,7.227000e-32,1.014000e-33,5.708000
13040.0,7.061000e-32,9.731000e-34,5.730000
13050.0,6.934000e-32,9.426000e-34,5.741000
13060.0,6.843000e-32,9.247000e-34,5.745000
13070.0,6.790000e-32,9.205000e-34,5.738000
13080.0,6.775000e-32,9.334000e-34,5.727000
13090.0,6.798000e-32,9.652000e-34,5.701000
13100.0,6.859000e-32,1.033000e-33,5.676000
13110.0,6.960000e-32,1.148000e-33,5.633000
13120.0,7.102000e-32,1.308000e-33,5.591000
13130.0,7.287000e-32,1.525000e-33,5.547000
13140.0,7.517000e-32,1.739000e-33,5.489000
13150.0,7.795000e-32,1.949000e-33,5.431000
13160.0,8.123000e-32,2.376000e-33,5.368000
13170.0,8.504000e-32,2.844000e-33,5.299000
13180.0,8.945000e-32,3.389000e-33,5.224000
13190.0,9.450000e-32,3.655000e-33,5.154000
13200.0,1.003000e-31,3.545000e-33,5.069000
13210.0,1.070000e-31,3.479000e-33,4.990000
13220.0,1.148000e-31,3.553000e-33,4.903000
13230.0,1.232000e-31,3.737000e-33,4.812000
13240.0,1.327000e-31,3.818000e-33,4.717000
13250.0,1.441000e-31,3.809000e-33,4.615000
13260.0,1.535000e-31,3.880000e-33,4.513000
13270.0,1.655000e-31,4.142000e-33,4.404000
13280.0,1.814000e-31,4.435000e-33,4.290000
13290.0,2.020000e-31,4.756000e-33,4.162000
13300.0,2.307000e-31,5.133000e-33,4.023000
13310.0,2.622000e-31,5.551000e-33,3.904000
13320.0,2.962000e-31,5.845000e-33,3.796000
13330.0,3.369000e-31,5.803000e-33,3.683000
13340.0,3.819000e-31,5.719000e-33,3.552000
13350.0,4.329000e-31,5.853000e-33,3.424000
13360.0,4.932000e-31,6.281000e-33,3.295000
13370.0,5.589000e-31,6.996000e-33,3.189000
13380.0,6.364000e-31,8.162000e-33,3.034000
13390.0,7.284000e-31,9.540000e-33,2.878000
13400.0,8.236000e-31,1.095000e-32,2.751000
13410.0,9.447000e-31,1.285000e-32,2.577000
13420.0,1.078000e-30,1.509000e-32,2.470000
13430.0,1.229000e-30,1.818000e-32,2.358000
13440.0,1.417000e-30,2.262000e-32,2.215000
13450.0,1.614000e-30,2.827000e-32,2.154000
13460.0,1.843000e-30,3.508000e-32,2.105000
13470.0,2.107000e-30,4.512000e-32,2.104000
13480.0,2.406000e-30,6.307000e-32,2.117000
13490.0,2.728000e-30,9.024000e-32,2.129000
13500.0,3.195000e-30,1.360000e-31,2.184000
13510.0,3.595000e-30,1.901000e-31,2.237000
13520.0,4.153000e-30,2.577000e-31,2.298000
13530.0,4.736000e-30,3.300000e-31,2.374000
13540.0,5.410000e-30,4.080000e-31,2.462000
13550.0,6.088000e-30,4.790000e-31,2.520000
13560.0,6.769000e-30,5.440000e-31,2.606000
13570.0,7.691000e-30,5.990000e-31,2.600000
13580.0,8.545000e-30,6.460000e-31,2.596000
13590.0,9.621000e-30,6.820000e-31,2.619000
13600.0,1.047000e-29,7.130000e-31,2.618000
13610.0,1.161000e-29,7.620000e-31,2.572000
13620.0,1.296000e-29,8.360000e-31,2.536000
13630.0,1.424000e-29,9.590000e-31,2.573000
13640.0,1.576000e-29,1.150000e-30,2.618000
13650.0,1.739000e-29,1.380000e-30,2.634000
13660.0,1.893000e-29,1.670000e-30,2.646000
13670.0,2.080000e-29,1.990000e-30,2.714000
13680.0,2.336000e-29,2.350000e-30,2.787000
13690.0,2.604000e-29,2.740000e-30,2.875000
13700.0,2.760000e-29,3.110000e-30,2.963000
13710.0,3.001000e-29,3.510000e-30,3.065000
13720.0,3.365000e-29,3.890000e-30,3.179000
13730.0,3.550000e-29,4.210000e-30,3.253000
13740.0,3.895000e-29,4.490000e-30,3.316000
13750.0,4.183000e-29,4.660000e-30,3.352000
13760.0,4.614000e-29,4.860000e-30,3.393000
13770.0,4.846000e-29,4.960000e-30,3.404000
13780.0,5.068000e-29,5.080000e-30,3.445000
13790.0,5.427000e-29,5.200000e-30,3.496000
13800.0,5.541000e-29,5.290000e-30,3.547000
13810.0,5.864000e-29,5.300000e-30,3.597000
13820.0,5.997000e-29,5.220000e-30,3.632000
13830.0,5.997000e-29,5.160000e-30,3.712000
13840.0,6.061000e-29,5.180000e-30,3.787000
13850.0,5.944000e-29,5.350000e-30,3.846000
13860.0,5.855000e-29,5.680000e-30,3.850000
13870.0,5.661000e-29,6.070000e-30,3.806000
13880.0,5.523000e-29,6.420000e-30,3.747000
13890.0,5.374000e-29,6.600000e-30,3.662000
13900.0,4.940000e-29,6.390000e-30,3.573000
13910.0,4.688000e-29,5.833000e-30,3.424000
13920.0,4.170000e-29,4.978000e-30,3.274000
13930.0,3.913000e-29,3.905000e-30,3.142000
13940.0,3.423000e-29,2.877000e-30,3.017000
13950.0,2.997000e-29,2.004000e-30,2.870000
13960.0,2.598000e-29,1.451000e-30,2.765000
13970.0,2.253000e-29,1.059000e-30,2.730000
13980.0,1.946000e-29,7.990000e-31,2.781000
13990.0,1.710000e-29,6.377000e-31,2.864000
14000.0,1.507000e-29,5.103000e-31,2.937000
14010.0,1.336000e-29,4.119000e-31,3.002000
14020.0,1.190000e-29,3.320000e-31,3.032000
14030.0,1.068000e-29,2.753000e-31,3.044000
14040.0,9.623000e-30,2.345000e-31,3.027000
14050.0,8.772000e-30,2.085000e-31,3.007000
14060.0,8.007000e-30,1.940000e-31,2.979000
14070.0,7.420000e-30,1.865000e-31,2.934000
14080.0,6.884000e-30,1.826000e-31,2.897000
14090.0,6.483000e-30,1.807000e-31,2.887000
14100.0,6.162000e-30,1.877000e-31,2.875000
14110.0,5.922000e-30,2.057000e-31,2.853000
14120.0,5.688000e-30,2.306000e-31,2.848000
14130.0,5.654000e-30,2.507000e-31,2.859000
14140.0,5.637000e-30,2.708000e-31,2.903000
14150.0,5.701000e-30,3.067000e-31,2.925000
14160.0,5.781000e-30,3.472000e-31,2.953000
14170.0,5.874000e-30,3.786000e-31,3.006000
14180.0,6.268000e-30,4.073000e-31,3.061000
14190.0,6.357000e-30,4.576000e-31,3.120000
14200.0,6.525000e-30,5.402000e-31,3.184000
14210.0,7.137000e-30,6.367000e-31,3.277000
14220.0,7.441000e-30,7.512000e-31,3.343000
14230.0,8.024000e-30,8.413000e-31,3.374000
14240.0,8.485000e-30,8.797000e-31,3.422000
14250.0,9.143000e-30,9.096000e-31,3.481000
14260.0,9.536000e-30,9.300000e-31,3.521000
14270.0,9.717000e-30,9.520000e-31,3.588000
14280.0,1.018000e-29,9.640000e-31,3.641000
14290.0,1.042000e-29,9.590000e-31,3.695000
14300.0,1.054000e-29,9.390000e-31,3.742000
14310.0,1.092000e-29,9.140000e-31,3.776000
14320.0,1.093000e-29,8.950000e-31,3.850000
14330.0,1.072000e-29,8.970000e-31,3.899000
14340.0,1.046000e-29,9.300000e-31,3.919000
14350.0,9.283000e-30,9.910000e-31,3.891000
14360.0,8.053000e-30,1.060000e-30,3.840000
14370.0,6.680000e-30,1.120000e-30,3.761000
14380.0,5.630000e-30,1.140000e-30,3.662000
14390.0,4.933000e-30,1.100000e-30,3.562000
14400.0,3.488000e-30,1.000000e-30,3.395000
14410.0,3.324000e-30,8.680000e-31,3.261000
14420.0,2.826000e-30,7.140000e-31,3.131000
14430.0,2.429000e-30,5.610000e-31,3.018000
14440.0,2.051000e-30,4.136000e-31,2.887000
14450.0,1.679000e-30,2.974000e-31,2.802000
14460.0,1.411000e-30,2.098000e-31,2.796000
14470.0,1.240000e-30,1.529000e-31,2.870000
14480.0,1.098000e-30,1.178000e-31,2.986000
14490.0,9.668000e-31,9.441000e-32,3.102000
14500.0,8.529000e-31,7.608000e-32,3.247000
14510.0,7.848000e-31,6.158000e-32,3.332000
14520.0,7.098000e-31,5.095000e-32,3.400000
14530.0,6.117000e-31,4.238000e-32,3.455000
14540.0,5.246000e-31,3.691000e-32,3.511000
14550.0,4.521000e-31,3.374000e-32,3.567000
14560.0,4.059000e-31,3.126000e-32,3.624000
14570.0,3.783000e-31,2.883000e-32,3.671000
14580.0,3.502000e-31,2.690000e-32,3.702000
14590.0,3.271000e-31,2.482000e-32,3.734000
14600.0,2.956000e-31,2.248000e-32,3.782000
14610.0,2.636000e-31,2.069000e-32,3.823000
14620.0,2.464000e-31,1.843000e-32,3.835000
14630.0,2.190000e-31,1.623000e-32,3.851000
14640.0,1.986000e-31,1.454000e-32,3.883000
14650.0,1.791000e-31,1.288000e-32,3.919000
14660.0,1.638000e-31,1.097000e-32,3.949000
14670.0,1.491000e-31,9.291000e-33,3.975000
14680.0,1.383000e-31,7.752000e-33,4.014000
14690.0,1.271000e-31,6.429000e-33,4.061000
14700.0,1.166000e-31,5.364000e-33,4.130000
14710.0,1.082000e-31,4.558000e-33,4.218000
14720.0,1.002000e-31,3.992000e-33,4.317000
14730.0,9.317000e-32,3.608000e-33,4.422000
14740.0,8.697000e-32,3.265000e-33,4.559000
14750.0,8.157000e-32,2.948000e-33,4.680000
14760.0,7.678000e-32,2.657000e-33,4.776000
14770.0,7.252000e-32,2.343000e-33,4.862000
14780.0,6.874000e-32,2.070000e-33,4.932000
14790.0,6.539000e-32,1.860000e-33,4.991000
14800.0,6.243000e-32,1.698000e-33,5.033000
14810.0,5.985000e-32,1.579000e-33,5.078000
14820.0,5.763000e-32,1.508000e-33,5.106000
14830.0,5.575000e-32,1.426000e-33,5.117000
14840.0,5.421000e-32,1.351000e-33,5.119000
14850.0,5.300000e-32,1.277000e-33,5.095000
14860.0,5.212000e-32,1.184000e-33,5.053000
14870.0,5.157000e-32,1.074000e-33,4.988000
14880.0,5.138000e-32,1.006000e-33,4.896000
14890.0,5.156000e-32,9.978000e-34,4.785000
14900.0,5.214000e-32,1.030000e-33,4.648000
14910.0,5.313000e-32,1.091000e-33,4.498000
14920.0,5.457000e-32,1.169000e-33,4.352000
14930.0,5.686000e-32,1.311000e-33,4.161000
14940.0,5.953000e-32,1.464000e-33,4.005000
14950.0,6.284000e-32,1.661000e-33,3.841000
14960.0,6.856000e-32,1.937000e-33,3.673000
14970.0,7.351000e-32,2.426000e-33,3.543000
14980.0,8.006000e-32,3.040000e-33,3.398000
14990.0,8.957000e-32,3.768000e-33,3.323000
15000.0,1.031000e-31,4.673000e-33,3.230000
15010.0,1.170000e-31,5.979000e-33,3.170000
15020.0,1.345000e-31,7.961000e-33,3.118000
15030.0,1.623000e-31,1.061000e-32,3.049000
15040.0,1.999000e-31,1.356000e-32,3.000000
15050.0,2.507000e-31,1.547000e-32,2.932000
15060.0,3.004000e-31,1.650000e-32,2.830000
15070.0,3.378000e-31,1.718000e-32,2.744000
15080.0,3.688000e-31,1.788000e-32,2.617000
15090.0,4.118000e-31,1.813000e-32,2.490000
15100.0,4.569000e-31,1.804000e-32,2.368000
15110.0,5.025000e-31,1.890000e-32,2.261000
15120.0,5.660000e-31,2.143000e-32,2.172000
15130.0,6.231000e-31,2.618000e-32,2.135000
15140.0,6.881000e-31,3.093000e-32,2.165000
15150.0,7.996000e-31,3.678000e-32,2.189000
15160.0,8.526000e-31,4.517000e-32,2.229000
15170.0,9.694000e-31,5.969000e-32,2.313000
15180.0,1.106000e-30,7.936000e-32,2.407000
15190.0,1.222000e-30,1.062000e-31,2.503000
15200.0,1.355000e-30,1.379000e-31,2.601000
15210.0,1.525000e-30,1.722000e-31,2.723000
15220.0,1.775000e-30,2.050000e-31,2.853000
15230.0,1.924000e-30,2.380000e-31,2.968000
15240.0,2.181000e-30,2.660000e-31,3.109000
15250.0,2.379000e-30,2.910000e-31,3.253000
15260.0,2.662000e-30,3.090000e-31,3.342000
15270.0,2.907000e-30,3.210000e-31,3.430000
15280.0,3.154000e-30,3.290000e-31,3.521000
15290.0,3.366000e-30,3.310000e-31,3.572000
15300.0,3.579000e-30,3.370000e-31,3.613000
15310.0,3.858000e-30,3.490000e-31,3.582000
15320.0,4.046000e-30,3.690000e-31,3.603000
15330.0,4.196000e-30,3.820000e-31,3.622000
15340.0,4.166000e-30,3.920000e-31,3.633000
15350.0,4.457000e-30,4.050000e-31,3.662000
15360.0,4.466000e-30,4.170000e-31,3.702000
15370.0,4.404000e-30,4.300000e-31,3.806000
15380.0,4.337000e-30,4.420000e-31,3.860000
15390.0,4.150000e-30,4.610000e-31,3.850000
15400.0,4.083000e-30,4.780000e-31,3.796000
15410.0,3.910000e-30,4.830000e-31,3.722000
15420.0,3.723000e-30,4.690000e-31,3.618000
15430.0,3.514000e-30,4.310000e-31,3.481000
15440.0,3.303000e-30,3.810000e-31,3.347000
15450.0,2.847000e-30,3.210000e-31,3.200000
15460.0,2.546000e-30,2.610000e-31,3.082000
15470.0,2.230000e-30,2.025000e-31,2.952000
15480.0,1.994000e-30,1.523000e-31,2.846000
15490.0,1.733000e-30,1.159000e-31,2.798000
15500.0,1.488000e-30,8.907000e-32,2.783000
15510.0,1.297000e-30,6.850000e-32,2.848000
15520.0,1.144000e-30,5.341000e-32,2.912000
15530.0,1.004000e-30,4.341000e-32,2.970000
15540.0,8.741000e-31,3.654000e-32,3.023000
15550.0,7.928000e-31,3.237000e-32,3.085000
15560.0,7.034000e-31,2.744000e-32,3.107000
15570.0,6.323000e-31,2.408000e-32,3.104000
15580.0,5.754000e-31,2.144000e-32,3.067000
15590.0,5.250000e-31,1.988000e-32,3.034000
15600.0,4.850000e-31,1.812000e-32,2.996000
15610.0,4.502000e-31,1.745000e-32,2.941000
15620.0,4.286000e-31,1.654000e-32,2.914000
15630.0,4.028000e-31,1.609000e-32,2.897000
15640.0,3.899000e-31,1.580000e-32,2.887000
15650.0,3.824000e-31,1.561000e-32,2.903000
15660.0,3.761000e-31,1.565000e-32,2.915000
15670.0,3.804000e-31,1.684000e-32,2.920000
15680.0,3.839000e-31,1.851000e-32,2.969000
15690.0,3.845000e-31,2.005000e-32,3.023000
15700.0,4.244000e-31,2.280000e-32,3.104000
15710.0,4.382000e-31,2.708000e-32,3.174000
15720.0,4.582000e-31,3.318000e-32,3.268000
15730.0,4.847000e-31,4.077000e-32,3.393000
15740.0,5.209000e-31,4.913000e-32,3.481000
15750.0,5.384000e-31,5.434000e-32,3.557000
15760.0,5.887000e-31,5.683000e-32,3.633000
15770.0,6.371000e-31,5.824000e-32,3.662000
15780.0,6.737000e-31,6.050000e-32,3.664000
15790.0,7.168000e-31,6.380000e-32,3.665000
15800.0,7.415000e-31,6.710000e-32,3.712000
15810.0,7.827000e-31,6.930000e-32,3.729000
15820.0,8.037000e-31,7.030000e-32,3.739000
15830.0,8.120000e-31,7.050000e-32,3.774000
15840.0,8.154000e-31,7.050000e-32,3.844000
15850.0,7.981000e-31,7.160000e-32,3.971000
15860.0,7.783000e-31,7.370000e-32,4.023000
15870.0,6.900000e-31,7.790000e-32,4.020000
15880.0,6.030000e-31,8.300000e-32,3.983000
15890.0,4.900000e-31,8.650000e-32,3.913000
15900.0,3.878000e-31,8.760000e-32,3.853000
15910.0,3.068000e-31,8.320000e-32,3.703000
15920.0,2.533000e-31,7.510000e-32,3.511000
15930.0,2.255000e-31,6.480000e-32,3.351000
15940.0,2.056000e-31,5.310000e-32,3.168000
15950.0,1.569000e-31,4.180000e-32,3.014000
15960.0,1.398000e-31,3.070000e-32,2.897000
15970.0,1.149000e-31,2.220000e-32,2.844000
15980.0,9.249000e-32,1.553000e-32,2.918000
15990.0,7.706000e-32,1.058000e-32,3.074000
16000.0,6.436000e-32,7.194000e-33,3.295000
16010.0,5.514000e-32,5.207000e-33,3.464000
16020.0,4.782000e-32,4.042000e-33,3.614000
16030.0,4.202000e-32,3.264000e-33,3.740000
16040.0,3.721000e-32,2.626000e-33,3.858000
16050.0,3.336000e-32,2.150000e-33,3.972000
16060.0,3.015000e-32,1.770000e-33,4.079000
16070.0,2.744000e-32,1.494000e-33,4.188000
16080.0,2.512000e-32,1.286000e-33,4.286000
16090.0,2.312000e-32,1.122000e-33,4.385000
16100.0,2.138000e-32,9.749000e-34,4.486000
16110.0,1.987000e-32,8.431000e-34,4.581000
16120.0,1.855000e-32,7.330000e-34,4.678000
16130.0,1.741000e-32,6.302000e-34,4.767000
16140.0,1.642000e-32,5.377000e-34,4.855000
16150.0,1.557000e-32,4.556000e-34,4.937000
16160.0,1.483000e-32,3.918000e-34,5.008000
16170.0,1.422000e-32,3.499000e-34,5.079000
16180.0,1.370000e-32,3.077000e-34,5.137000
16190.0,1.329000e-32,2.646000e-34,5.187000
16200.0,1.297000e-32,2.299000e-34,5.225000
16210.0,1.274000e-32,2.002000e-34,5.255000
16220.0,1.259000e-32,1.772000e-34,5.271000
16230.0,1.253000e-32,1.579000e-34,5.273000
16240.0,1.255000e-32,1.425000e-34,5.264000
16250.0,1.266000e-32,1.281000e-34,5.247000
16260.0,1.284000e-32,1.190000e-34,5.216000
16270.0,1.312000e-32,1.098000e-34,5.176000
16280.0,1.348000e-32,1.038000e-34,5.131000
16290.0,1.393000e-32,9.882000e-35,5.072000
16300.0,1.448000e-32,9.426000e-35,5.007000
16310.0,1.512000e-32,9.342000e-35,4.941000
16320.0,1.587000e-32,9.752000e-35,4.865000
16330.0,1.672000e-32,1.024000e-34,4.785000
16340.0,1.770000e-32,1.077000e-34,4.704000
16350.0,1.880000e-32,1.155000e-34,4.617000
16360.0,1.990000e-32,1.324000e-34,4.529000
16370.0,2.110000e-32,1.526000e-34,4.439000
16380.0,2.274000e-32,1.765000e-34,4.348000
16390.0,2.516000e-32,1.995000e-34,4.251000
16400.0,2.844000e-32,2.345000e-34,4.153000
16410.0,3.231000e-32,2.989000e-34,4.047000
16420.0,3.661000e-32,3.544000e-34,3.942000
16430.0,4.153000e-32,4.480000e-34,3.826000
16440.0,4.717000e-32,5.716000e-34,3.697000
16450.0,5.360000e-32,7.136000e-34,3.562000
16460.0,6.094000e-32,9.174000e-34,3.403000
16470.0,6.930000e-32,1.177000e-33,3.239000
16480.0,7.882000e-32,1.496000e-33,3.069000
16490.0,8.966000e-32,1.755000e-33,2.915000
16500.0,1.020000e-31,2.025000e-33,2.731000
16510.0,1.162000e-31,2.317000e-33,2.531000
16520.0,1.324000e-31,2.622000e-33,2.341000
16530.0,1.510000e-31,2.668000e-33,2.183000
16540.0,1.720000e-31,2.778000e-33,2.069000
16550.0,1.965000e-31,3.292000e-33,1.908000
16560.0,2.237000e-31,4.020000e-33,1.781000
16570.0,2.560000e-31,4.963000e-33,1.717000
16580.0,2.927000e-31,5.982000e-33,1.691000
16590.0,3.371000e-31,7.587000e-33,1.629000
16600.0,3.842000e-31,9.414000e-33,1.601000
16610.0,4.429000e-31,1.091000e-32,1.635000
16620.0,5.139000e-31,1.237000e-32,1.693000
16630.0,5.798000e-31,1.637000e-32,1.756000
16640.0,6.697000e-31,2.215000e-32,1.826000
16650.0,7.626000e-31,3.033000e-32,1.951000
16660.0,8.647000e-31,4.406000e-32,2.048000
16670.0,1.022000e-30,6.211000e-32,2.126000
16680.0,1.136000e-30,8.381000e-32,2.238000
16690.0,1.300000e-30,1.081000e-31,2.359000
16700.0,1.481000e-30,1.340000e-31,2.474000
16710.0,1.672000e-30,1.590000e-31,2.578000
16720.0,1.871000e-30,1.860000e-31,2.696000
16730.0,2.126000e-30,2.140000e-31,2.803000
16740.0,2.357000e-30,2.400000e-31,2.875000
16750.0,2.583000e-30,2.690000e-31,2.968000
16760.0,2.997000e-30,2.980000e-31,3.056000
16770.0,3.289000e-30,3.330000e-31,3.120000
16780.0,3.702000e-30,3.770000e-31,3.174000
16790.0,4.012000e-30,4.250000e-31,3.258000
16800.0,4.319000e-30,4.750000e-31,3.342000
16810.0,4.527000e-30,5.110000e-31,3.398000
16820.0,5.001000e-30,5.370000e-31,3.466000
16830.0,5.448000e-30,5.560000e-31,3.531000
16840.0,5.611000e-30,5.610000e-31,3.623000
16850.0,5.760000e-30,5.670000e-31,3.712000
16860.0,5.965000e-30,5.680000e-31,3.772000
16870.0,6.079000e-30,5.780000e-31,3.806000
16880.0,6.207000e-30,5.860000e-31,3.811000
16890.0,6.276000e-30,5.910000e-31,3.796000
16900.0,6.222000e-30,5.930000e-31,3.777000
16910.0,6.137000e-30,5.910000e-31,3.757000
16920.0,6.000000e-30,5.920000e-31,3.752000
16930.0,5.814000e-30,5.930000e-31,3.707000
16940.0,5.393000e-30,5.940000e-31,3.672000
16950.0,5.350000e-30,5.870000e-31,3.627000
16960.0,4.947000e-30,5.650000e-31,3.572000
16970.0,4.629000e-30,5.210000e-31,3.506000
16980.0,4.117000e-30,4.540000e-31,3.398000
16990.0,3.712000e-30,3.820000e-31,3.316000
17000.0,3.372000e-30,3.070000e-31,3.227000
17010.0,2.923000e-30,2.370000e-31,3.120000
17020.0,2.550000e-30,1.780000e-31,3.033000
17030.0,2.232000e-30,1.309000e-31,3.028000
17040.0,1.929000e-30,9.543000e-32,3.040000
17050.0,1.679000e-30,6.959000e-32,3.092000
17060.0,1.460000e-30,5.153000e-32,3.143000
17070.0,1.289000e-30,3.934000e-32,3.177000
17080.0,1.130000e-30,3.117000e-32,3.227000
17090.0,9.953000e-31,2.491000e-32,3.242000
17100.0,8.763000e-31,1.988000e-32,3.265000
17110.0,7.760000e-31,1.608000e-32,3.267000
17120.0,6.900000e-31,1.330000e-32,3.243000
17130.0,6.160000e-31,1.139000e-32,3.215000
17140.0,5.525000e-31,9.972000e-33,3.210000
17150.0,4.958000e-31,8.983000e-33,3.215000
17160.0,4.489000e-31,8.409000e-33,3.226000
17170.0,4.072000e-31,7.845000e-33,3.236000
17180.0,3.728000e-31,7.371000e-33,3.258000
17190.0,3.438000e-31,7.164000e-33,3.289000
17200.0,3.205000e-31,7.411000e-33,3.279000
17210.0,3.006000e-31,7.757000e-33,3.268000
17220.0,2.848000e-31,8.268000e-33,3.242000
17230.0,2.766000e-31,9.311000e-33,3.147000
17240.0,2.688000e-31,1.036000e-32,3.110000
17250.0,2.664000e-31,1.087000e-32,3.044000
17260.0,2.670000e-31,1.141000e-32,2.985000
17270.0,2.696000e-31,1.225000e-32,2.903000
17280.0,2.786000e-31,1.290000e-32,2.832000
17290.0,2.861000e-31,1.400000e-32,2.808000
17300.0,3.009000e-31,1.565000e-32,2.782000
17310.0,3.178000e-31,1.755000e-32,2.797000
17320.0,3.389000e-31,1.932000e-32,2.832000
17330.0,3.587000e-31,2.104000e-32,2.903000
17340.0,3.819000e-31,2.356000e-32,2.979000
17350.0,4.054000e-31,2.770000e-32,3.061000
17360.0,4.417000e-31,3.326000e-32,3.163000
17370.0,4.703000e-31,4.029000e-32,3.247000
17380.0,5.137000e-31,4.827000e-32,3.331000
17390.0,5.460000e-31,5.683000e-32,3.383000
17400.0,6.055000e-31,6.328000e-32,3.419000
17410.0,6.333000e-31,6.576000e-32,3.460000
17420.0,6.773000e-31,6.801000e-32,3.496000
17430.0,7.219000e-31,6.990000e-32,3.518000
17440.0,7.717000e-31,7.170000e-32,3.557000
17450.0,8.131000e-31,7.470000e-32,3.623000
17460.0,8.491000e-31,7.660000e-32,3.679000
17470.0,8.574000e-31,7.770000e-32,3.725000
17480.0,9.010000e-31,7.770000e-32,3.762000
17490.0,9.017000e-31,7.720000e-32,3.821000
17500.0,8.999000e-31,7.770000e-32,3.864000
17510.0,8.959000e-31,7.970000e-32,3.899000
17520.0,8.838000e-31,8.400000e-32,3.892000
17530.0,8.579000e-31,8.900000e-32,3.829000
17540.0,8.162000e-31,9.420000e-32,3.752000
17550.0,8.098000e-31,9.710000e-32,3.661000
17560.0,7.472000e-31,9.550000e-32,3.565000
17570.0,7.108000e-31,8.850000e-32,3.440000
17580.0,6.559000e-31,7.680000e-32,3.331000
17590.0,5.994000e-31,6.390000e-32,3.231000
17600.0,5.172000e-31,5.020000e-32,3.130000
17610.0,4.424000e-31,3.740000e-32,3.018000
17620.0,3.951000e-31,2.651000e-32,2.990000
17630.0,3.340000e-31,1.809000e-32,3.044000
17640.0,2.902000e-31,1.278000e-32,3.098000
17650.0,2.541000e-31,9.466000e-33,3.194000
17660.0,2.215000e-31,7.458000e-33,3.294000
17670.0,1.945000e-31,6.190000e-33,3.382000
17680.0,1.716000e-31,5.328000e-33,3.440000
17690.0,1.503000e-31,4.710000e-33,3.485000
17700.0,1.339000e-31,4.136000e-33,3.522000
17710.0,1.185000e-31,3.658000e-33,3.550000
17720.0,1.050000e-31,3.285000e-33,3.568000
17730.0,9.336000e-32,2.908000e-33,3.623000
17740.0,8.307000e-32,2.545000e-33,3.668000
17750.0,7.312000e-32,2.370000e-33,3.715000
17760.0,6.550000e-32,2.390000e-33,3.774000
17770.0,5.836000e-32,2.410000e-33,3.841000
17780.0,5.178000e-32,2.373000e-33,3.903000
17790.0,4.600000e-32,2.394000e-33,3.952000
17800.0,4.086000e-32,2.326000e-33,3.981000
17810.0,3.639000e-32,2.201000e-33,4.009000
17820.0,3.247000e-32,2.105000e-33,4.044000
17830.0,2.904000e-32,1.900000e-33,4.062000
17840.0,2.604000e-32,1.693000e-33,4.099000
17850.0,2.341000e-32,1.564000e-33,4.142000
17860.0,2.112000e-32,1.430000e-33,4.207000
17870.0,1.914000e-32,1.210000e-33,4.286000
17880.0,1.744000e-32,9.982000e-34,4.378000
17890.0,1.598000e-32,8.346000e-34,4.483000
17900.0,1.476000e-32,7.332000e-34,4.578000
17910.0,1.374000e-32,6.680000e-34,4.679000
17920.0,1.293000e-32,6.366000e-34,4.771000
17930.0,1.230000e-32,6.034000e-34,4.857000
17940.0,1.185000e-32,5.321000e-34,4.934000
17950.0,1.158000e-32,4.609000e-34,5.007000
17960.0,1.147000e-32,4.137000e-34,5.086000
17970.0,1.154000e-32,4.141000e-34,5.154000
17980.0,1.177000e-32,4.585000e-34,5.224000
17990.0,1.219000e-32,5.256000e-34,5.295000
18000.0,1.280000e-32,5.686000e-34,5.358000
18010.0,1.360000e-32,5.713000e-34,5.427000
18020.0,1.463000e-32,5.573000e-34,5.489000
18030.0,1.591000e-32,5.177000e-34,5.550000
18040.0,1.750000e-32,5.064000e-34,5.612000
18050.0,1.940000e-32,5.070000e-34,5.671000
18060.0,2.156000e-32,5.281000e-34,5.729000
18070.0,2.430000e-32,6.118000e-34,5.782000
18080.0,2.748000e-32,6.782000e-34,5.836000
18090.0,3.052000e-32,8.399000e-34,5.885000
18100.0,3.533000e-32,1.027000e-33,5.933000
18110.0,3.967000e-32,1.317000e-33,5.978000
18120.0,4.471000e-32,1.672000e-33,6.023000
18130.0,5.041000e-32,2.045000e-33,6.065000
18140.0,5.860000e-32,2.571000e-33,6.102000
18150.0,6.664000e-32,3.370000e-33,6.136000
18160.0,7.522000e-32,4.438000e-33,6.169000
18170.0,8.342000e-32,5.927000e-33,6.197000
18180.0,9.412000e-32,7.409000e-33,6.228000
18190.0,1.072000e-31,8.783000e-33,6.253000
18200.0,1.213000e-31,9.698000e-33,6.275000
18210.0,1.343000e-31,1.058000e-32,6.292000
18220.0,1.496000e-31,1.188000e-32,6.309000
18230.0,1.664000e-31,1.350000e-32,6.323000
18240.0,1.822000e-31,1.560000e-32,6.334000
18250.0,2.029000e-31,1.850000e-32,6.341000
18260.0,2.233000e-31,2.210000e-32,6.349000
18270.0,2.457000e-31,2.660000e-32,6.356000
18280.0,2.709000e-31,3.140000e-32,6.359000
18290.0,2.928000e-31,3.600000e-32,6.359000
18300.0,3.115000e-31,3.990000e-32,6.359000
18310.0,3.356000e-31,4.220000e-32,6.359000
18320.0,3.592000e-31,4.360000e-32,6.356000
18330.0,3.818000e-31,4.350000e-32,6.352000
18340.0,3.936000e-31,4.250000e-32,6.349000
18350.0,4.061000e-31,4.100000e-32,6.342000
18360.0,4.149000e-31,3.990000e-32,6.335000
18370.0,4.299000e-31,3.950000e-32,6.331000
18380.0,4.223000e-31,3.870000e-32,6.324000
18390.0,4.251000e-31,3.830000e-32,6.317000
18400.0,4.287000e-31,3.820000e-32,6.309000
18410.0,4.177000e-31,3.890000e-32,6.306000
18420.0,4.094000e-31,3.980000e-32,6.299000
18430.0,3.942000e-31,4.060000e-32,6.295000
18440.0,3.772000e-31,4.190000e-32,6.288000
18450.0,3.614000e-31,4.220000e-32,6.284000
18460.0,3.394000e-31,4.170000e-32,6.281000
18470.0,3.222000e-31,3.900000e-32,6.281000
18480.0,2.791000e-31,3.500000e-32,6.278000
18490.0,2.665000e-31,3.030000e-32,6.277000
18500.0,2.309000e-31,2.490000e-32,6.278000
18510.0,2.032000e-31,1.975000e-32,6.277000
18520.0,1.740000e-31,1.467000e-32,6.282000
18530.0,1.535000e-31,1.100000e-32,6.283000
18540.0,1.323000e-31,8.391000e-33,6.289000
18550.0,1.151000e-31,6.685000e-33,6.297000
18560.0,9.803000e-32,5.377000e-33,6.300000
18570.0,8.650000e-32,4.335000e-33,6.305000
18580.0,7.540000e-32,3.436000e-33,6.317000
18590.0,6.619000e-32,2.796000e-33,6.325000
18600.0,5.832000e-32,2.345000e-33,6.337000
18610.0,5.113000e-32,2.010000e-33,6.345000
18620.0,4.503000e-32,1.702000e-33,6.360000
18630.0,3.975000e-32,1.491000e-33,6.370000
18640.0,3.520000e-32,1.345000e-33,6.384000
18650.0,3.112000e-32,1.270000e-33,6.398000
18660.0,2.797000e-32,1.268000e-33,6.416000
18670.0,2.500000e-32,1.315000e-33,6.430000
18680.0,2.240000e-32,1.413000e-33,6.448000
18690.0,2.013000e-32,1.493000e-33,6.465000
18700.0,1.819000e-32,1.500000e-33,6.483000
18710.0,1.653000e-32,1.489000e-33,6.502000
18720.0,1.513000e-32,1.440000e-33,6.520000
18730.0,1.395000e-32,1.395000e-33,6.541000
18740.0,1.299000e-32,1.344000e-33,6.562000
18750.0,1.225000e-32,1.363000e-33,6.583000
18760.0,1.168000e-32,1.487000e-33,6.605000
18770.0,1.124000e-32,1.682000e-33,6.628000
18780.0,1.148000e-32,1.852000e-33,6.649000
18790.0,1.107000e-32,1.909000e-33,6.672000
18800.0,1.128000e-32,1.962000e-33,6.697000
18810.0,1.169000e-32,2.109000e-33,6.720000
18820.0,1.233000e-32,2.218000e-33,6.743000
18830.0,1.307000e-32,2.249000e-33,6.768000
18840.0,1.359000e-32,2.278000e-33,6.791000
18850.0,1.543000e-32,2.307000e-33,6.818000
18860.0,1.686000e-32,2.362000e-33,6.841000
18870.0,1.794000e-32,2.502000e-33,6.867000
18880.0,2.028000e-32,2.672000e-33,6.891000
18890.0,2.210000e-32,2.847000e-33,6.916000
18900.0,2.441000e-32,2.884000e-33,6.943000
18910.0,2.653000e-32,2.806000e-33,6.970000
18920.0,2.828000e-32,2.850000e-33,6.996000
18930.0,3.093000e-32,2.940000e-33,7.022000
18940.0,3.280000e-32,3.100000e-33,7.052000
18950.0,3.551000e-32,3.290000e-33,7.077000
18960.0,3.677000e-32,3.500000e-33,7.103000
18970.0,3.803000e-32,3.620000e-33,7.132000
18980.0,3.844000e-32,3.660000e-33,7.158000
18990.0,4.068000e-32,3.700000e-33,7.185000
19000.0,4.093000e-32,3.720000e-33,7.215000
19010.0,4.002000e-32,3.830000e-33,7.241000
19020.0,3.904000e-32,4.010000e-33,7.269000
19030.0,3.624000e-32,4.260000e-33,7.298000
19040.0,3.633000e-32,4.510000e-33,7.326000
19050.0,3.622000e-32,4.640000e-33,7.354000
19060.0,3.443000e-32,4.490000e-33,7.382000
19070.0,3.184000e-32,4.050000e-33,7.410000
19080.0,2.934000e-32,3.450000e-33,7.438000
19090.0,2.476000e-32,2.808000e-33,7.469000
19100.0,2.212000e-32,2.159000e-33,7.497000
19110.0,1.867000e-32,1.546000e-33,7.528000
19120.0,1.594000e-32,1.146000e-33,7.555000
19130.0,1.370000e-32,8.897000e-34,7.585000
19140.0,1.192000e-32,7.413000e-34,7.613000
19150.0,1.045000e-32,6.554000e-34,7.643000
19160.0,9.211000e-33,5.563000e-34,7.669000
19170.0,8.170000e-33,4.736000e-34,7.698000
19180.0,7.290000e-33,4.214000e-34,7.729000
19190.0,6.550000e-33,3.725000e-34,7.759000
19200.0,5.929000e-33,3.257000e-34,7.787000
19210.0,5.415000e-33,2.877000e-34,7.819000
19220.0,4.995000e-33,2.599000e-34,7.849000
19230.0,4.661000e-33,2.335000e-34,7.878000
19240.0,4.406000e-33,2.238000e-34,7.909000
19250.0,4.225000e-33,2.390000e-34,7.936000
19260.0,4.116000e-33,2.678000e-34,7.968000
19270.0,4.075000e-33,2.801000e-34,7.998000
19280.0,4.102000e-33,2.829000e-34,8.030000
19290.0,4.198000e-33,2.837000e-34,8.055000
19300.0,4.365000e-33,2.754000e-34,8.088000
19310.0,4.606000e-33,2.644000e-34,8.115000
19320.0,4.925000e-33,2.560000e-34,8.146000
19330.0,5.326000e-33,2.519000e-34,8.180000
19340.0,5.818000e-33,2.568000e-34,8.205000
19350.0,6.407000e-33,2.649000e-34,8.235000
19360.0,7.104000e-33,2.739000e-34,8.269000
19370.0,7.920000e-33,2.817000e-34,8.297000
19380.0,8.868000e-33,2.956000e-34,8.328000
19390.0,9.964000e-33,3.050000e-34,8.360000
19400.0,1.123000e-32,3.174000e-34,8.393000
19410.0,1.268000e-32,3.545000e-34,8.421000
19420.0,1.434000e-32,3.910000e-34,8.452000
19430.0,1.626000e-32,4.156000e-34,8.484000
19440.0,1.848000e-32,4.466000e-34,8.513000
19450.0,2.107000e-32,4.987000e-34,8.547000
19460.0,2.422000e-32,5.801000e-34,8.576000
19470.0,2.772000e-32,7.314000e-34,8.607000
19480.0,3.145000e-32,8.867000e-34,8.640000
19490.0,3.704000e-32,1.057000e-33,8.671000
19500.0,4.270000e-32,1.262000e-33,8.699000
19510.0,4.721000e-32,1.506000e-33,8.733000
19520.0,5.361000e-32,1.753000e-33,8.762000
19530.0,6.083000e-32,2.082000e-33,8.794000
19540.0,7.095000e-32,2.602000e-33,8.827000
19550.0,7.968000e-32,3.269000e-33,8.855000
19560.0,9.228000e-32,3.734000e-33,8.891000
19570.0,1.048000e-31,5.491000e-33,8.922000
19580.0,1.187000e-31,7.261000e-33,8.954000
19590.0,1.336000e-31,9.462000e-33,8.984000
19600.0,1.577000e-31,1.256000e-32,9.015000
19610.0,1.772000e-31,1.594000e-32,9.049000
19620.0,2.017000e-31,1.950000e-32,9.080000
19630.0,2.250000e-31,2.380000e-32,9.114000
19640.0,2.630000e-31,2.880000e-32,9.143000
19650.0,2.911000e-31,3.420000e-32,9.175000
19660.0,3.356000e-31,4.030000e-32,9.209000
19670.0,3.820000e-31,4.650000e-32,9.241000
19680.0,4.173000e-31,5.240000e-32,9.271000
19690.0,4.811000e-31,5.700000e-32,9.306000
19700.0,5.254000e-31,6.090000e-32,9.338000
19710.0,5.839000e-31,6.390000e-32,9.369000
19720.0,6.187000e-31,6.480000e-32,9.403000
19730.0,6.805000e-31,6.580000e-32,9.435000
19740.0,7.118000e-31,6.660000e-32,9.466000
19750.0,7.369000e-31,6.700000e-32,9.500000
19760.0,7.664000e-31,6.660000e-32,9.532000
19770.0,7.794000e-31,6.650000e-32,9.562000
19780.0,7.947000e-31,6.800000e-32,9.594000
19790.0,8.036000e-31,7.090000e-32,9.630000
19800.0,7.954000e-31,7.540000e-32,9.661000
19810.0,7.849000e-31,8.060000e-32,9.695000
19820.0,7.518000e-31,8.620000e-32,9.726000
19830.0,7.462000e-31,8.890000e-32,9.761000
19840.0,6.926000e-31,8.680000e-32,9.792000
19850.0,6.531000e-31,8.040000e-32,9.825000
19860.0,6.197000e-31,7.000000e-32,9.859000
19870.0,5.421000e-31,5.830000e-32,9.891000
19880.0,4.777000e-31,4.580000e-32,9.924000
19890.0,4.111000e-31,3.490000e-32,9.954000
19900.0,3.679000e-31,2.710000e-32,9.987000
19910.0,3.166000e-31,2.100000e-32,10.020000
19920.0,2.786000e-31,1.650000e-32,10.060000
19930.0,2.436000e-31,1.310000e-32,10.090000
19940.0,2.144000e-31,1.060000e-32,10.120000
19950.0,1.859000e-31,8.350000e-33,10.160000
19960.0,1.628000e-31,6.450000e-33,10.190000
19970.0,1.414000e-31,5.020000e-33,10.220000
19980.0,1.237000e-31,3.940000e-33,10.260000
19990.0,1.093000e-31,3.090000e-33,10.290000
20000.0,9.558000e-32,2.460000e-33,10.320000
